bug_id,bug_fix_time,long_lived,y_hat,project_name
ADDONS.MOZILLA.ORG_GRAVEYARD-247339,66,N,N,mozilla
ADDONS.MOZILLA.ORG_GRAVEYARD-248543,7,N,N,mozilla
ADDONS.MOZILLA.ORG_GRAVEYARD-254074,3,N,N,mozilla
ADDONS.MOZILLA.ORG_GRAVEYARD-255753,6,N,N,mozilla
ADDONS.MOZILLA.ORG_GRAVEYARD-256085,1008,Y,N,mozilla
ADDONS.MOZILLA.ORG_GRAVEYARD-258227,6,N,N,mozilla
ADDONS.MOZILLA.ORG_GRAVEYARD-262828,13,N,N,mozilla
ADDONS.MOZILLA.ORG_GRAVEYARD-263455,3,N,N,mozilla
ADDONS.MOZILLA.ORG_GRAVEYARD-263619,9,N,N,mozilla
ADDONS.MOZILLA.ORG_GRAVEYARD-266838,30,N,N,mozilla
ADDONS.MOZILLA.ORG_GRAVEYARD-269957,3,N,N,mozilla
ADDONS.MOZILLA.ORG_GRAVEYARD-273027,75,N,N,mozilla
ADDONS.MOZILLA.ORG_GRAVEYARD-276467,513,Y,N,mozilla
ADDONS.MOZILLA.ORG_GRAVEYARD-282117,291,N,N,mozilla
ADDONS.MOZILLA.ORG_GRAVEYARD-284646,24,N,N,mozilla
ADDONS.MOZILLA.ORG_GRAVEYARD-290202,0,N,N,mozilla
ADDONS.MOZILLA.ORG_GRAVEYARD-294190,3,N,N,mozilla
ADDONS.MOZILLA.ORG_GRAVEYARD-320082,46,N,N,mozilla
ADDONS.MOZILLA.ORG_GRAVEYARD-326811,2,N,N,mozilla
ADDONS.MOZILLA.ORG_GRAVEYARD-330468,0,N,N,mozilla
ADDONS.MOZILLA.ORG_GRAVEYARD-352560,183,N,N,mozilla
ADDONS.MOZILLA.ORG_GRAVEYARD-359084,174,N,N,mozilla
ADDONS.MOZILLA.ORG_GRAVEYARD-362060,1,N,N,mozilla
ADDONS.MOZILLA.ORG_GRAVEYARD-362566,95,N,N,mozilla
ADDONS.MOZILLA.ORG_GRAVEYARD-370595,5,N,N,mozilla
ADDONS.MOZILLA.ORG_GRAVEYARD-380306,0,N,N,mozilla
ADDONS.MOZILLA.ORG_GRAVEYARD-413701,177,N,N,mozilla
ADDONS.MOZILLA.ORG_GRAVEYARD-423012,3,N,N,mozilla
ADDONS.MOZILLA.ORG_GRAVEYARD-425067,6,N,N,mozilla
ADDONS.MOZILLA.ORG_GRAVEYARD-431534,169,N,N,mozilla
ADDONS.MOZILLA.ORG_GRAVEYARD-433409,547,Y,N,mozilla
ADDONS.MOZILLA.ORG_GRAVEYARD-437279,524,Y,N,mozilla
ADDONS.MOZILLA.ORG_GRAVEYARD-440129,7,N,N,mozilla
ADDONS.MOZILLA.ORG_GRAVEYARD-440546,689,Y,N,mozilla
ADDONS.MOZILLA.ORG_GRAVEYARD-454362,3,N,N,mozilla
ADDONS.MOZILLA.ORG_GRAVEYARD-477045,1,N,N,mozilla
ADDONS.MOZILLA.ORG_GRAVEYARD-479398,980,Y,N,mozilla
ADDONS.MOZILLA.ORG_GRAVEYARD-479905,22,N,N,mozilla
ADDONS.MOZILLA.ORG_GRAVEYARD-481146,8,N,N,mozilla
ADDONS.MOZILLA.ORG_GRAVEYARD-486359,105,N,Y,mozilla
ADDONS.MOZILLA.ORG_GRAVEYARD-488519,74,N,N,mozilla
ADDONS.MOZILLA.ORG_GRAVEYARD-494077,119,N,N,mozilla
ADDONS.MOZILLA.ORG_GRAVEYARD-504692,32,N,N,mozilla
ADDONS.MOZILLA.ORG_GRAVEYARD-516674,372,Y,N,mozilla
ADDONS.MOZILLA.ORG_GRAVEYARD-518097,62,N,N,mozilla
ADDONS.MOZILLA.ORG_GRAVEYARD-518235,20,N,N,mozilla
ADDONS.MOZILLA.ORG_GRAVEYARD-519845,2,N,N,mozilla
ADDONS.MOZILLA.ORG_GRAVEYARD-528240,1100,Y,N,mozilla
ADDONS.MOZILLA.ORG_GRAVEYARD-645351,5,N,N,mozilla
AUS_GRAVEYARD-317618,6,N,N,mozilla
BUGZILLA-103554,3,N,N,mozilla
BUGZILLA-105960,2626,Y,N,mozilla
BUGZILLA-110276,6,N,N,mozilla
BUGZILLA-127507,1,N,N,mozilla
BUGZILLA-133201,0,N,N,mozilla
BUGZILLA-133210,6,N,N,mozilla
BUGZILLA-140633,1,N,N,mozilla
BUGZILLA-142890,27,N,Y,mozilla
BUGZILLA-143743,10,N,N,mozilla
BUGZILLA-149496,616,Y,N,mozilla
BUGZILLA-152632,5,N,N,mozilla
BUGZILLA-156564,132,N,Y,mozilla
BUGZILLA-162313,138,N,N,mozilla
BUGZILLA-163290,150,N,N,mozilla
BUGZILLA-164307,1036,Y,N,mozilla
BUGZILLA-166023,23,N,N,mozilla
BUGZILLA-166755,541,Y,N,mozilla
BUGZILLA-168804,3,N,N,mozilla
BUGZILLA-172874,17,N,N,mozilla
BUGZILLA-179177,0,N,N,mozilla
BUGZILLA-179184,0,N,N,mozilla
BUGZILLA-180444,2,N,N,mozilla
BUGZILLA-181396,3024,Y,N,mozilla
BUGZILLA-185330,385,Y,N,mozilla
BUGZILLA-186689,60,N,N,mozilla
BUGZILLA-190040,223,N,N,mozilla
BUGZILLA-192516,402,Y,N,mozilla
BUGZILLA-201018,17,N,N,mozilla
BUGZILLA-207039,301,N,N,mozilla
BUGZILLA-207206,50,N,N,mozilla
BUGZILLA-208604,167,N,N,mozilla
BUGZILLA-215320,655,Y,N,mozilla
BUGZILLA-220724,32,N,Y,mozilla
BUGZILLA-223541,219,N,N,mozilla
BUGZILLA-230293,89,N,Y,mozilla
BUGZILLA-233295,57,N,N,mozilla
BUGZILLA-233400,1998,Y,Y,mozilla
BUGZILLA-237864,1,N,N,mozilla
BUGZILLA-240439,0,N,N,mozilla
BUGZILLA-245075,114,N,N,mozilla
BUGZILLA-248001,11,N,N,mozilla
BUGZILLA-250547,10,N,N,mozilla
BUGZILLA-250967,2,N,N,mozilla
BUGZILLA-253583,3,N,N,mozilla
BUGZILLA-258712,20,N,N,mozilla
BUGZILLA-272322,32,N,N,mozilla
BUGZILLA-274365,88,N,Y,mozilla
BUGZILLA-274397,10,N,N,mozilla
BUGZILLA-274509,3678,Y,N,mozilla
BUGZILLA-275637,469,Y,N,mozilla
BUGZILLA-276818,191,N,N,mozilla
BUGZILLA-277723,31,N,N,mozilla
BUGZILLA-278148,1,N,N,mozilla
BUGZILLA-280775,1,N,N,mozilla
BUGZILLA-280778,33,N,N,mozilla
BUGZILLA-282737,151,N,N,mozilla
BUGZILLA-290252,693,Y,N,mozilla
BUGZILLA-295456,513,Y,N,mozilla
BUGZILLA-298273,36,N,Y,mozilla
BUGZILLA-301067,111,N,N,mozilla
BUGZILLA-302083,4,N,N,mozilla
BUGZILLA-303683,2103,Y,N,mozilla
BUGZILLA-303690,243,N,N,mozilla
BUGZILLA-304699,374,Y,N,mozilla
BUGZILLA-305451,1,N,N,mozilla
BUGZILLA-31117,3207,Y,N,mozilla
BUGZILLA-311973,1328,Y,N,mozilla
BUGZILLA-313661,2,N,N,mozilla
BUGZILLA-313941,2,N,N,mozilla
BUGZILLA-315317,107,N,N,mozilla
BUGZILLA-316665,3836,Y,N,mozilla
BUGZILLA-318715,3018,Y,N,mozilla
BUGZILLA-319241,6,N,N,mozilla
BUGZILLA-319718,4,N,N,mozilla
BUGZILLA-323563,12,N,N,mozilla
BUGZILLA-330519,1,N,N,mozilla
BUGZILLA-330577,0,N,N,mozilla
BUGZILLA-338793,28,N,N,mozilla
BUGZILLA-344298,2,N,N,mozilla
BUGZILLA-349855,58,N,N,mozilla
BUGZILLA-350234,15,N,N,mozilla
BUGZILLA-351486,33,N,N,mozilla
BUGZILLA-356336,0,N,N,mozilla
BUGZILLA-357396,0,N,N,mozilla
BUGZILLA-364926,2,N,N,mozilla
BUGZILLA-365259,955,Y,N,mozilla
BUGZILLA-366793,1789,Y,N,mozilla
BUGZILLA-370739,161,N,N,mozilla
BUGZILLA-371016,0,N,N,mozilla
BUGZILLA-372589,50,N,N,mozilla
BUGZILLA-374850,1,N,N,mozilla
BUGZILLA-382037,0,N,N,mozilla
BUGZILLA-385379,15,N,N,mozilla
BUGZILLA-38854,364,N,N,mozilla
BUGZILLA-394933,0,N,N,mozilla
BUGZILLA-398308,1017,Y,N,mozilla
BUGZILLA-405355,427,Y,Y,mozilla
BUGZILLA-413184,66,N,N,mozilla
BUGZILLA-414269,2,N,N,mozilla
BUGZILLA-414726,94,N,N,mozilla
BUGZILLA-415471,8,N,N,mozilla
BUGZILLA-425565,0,N,N,mozilla
BUGZILLA-425620,3,N,N,mozilla
BUGZILLA-42809,75,N,N,mozilla
BUGZILLA-428452,766,Y,N,mozilla
BUGZILLA-449504,1,N,N,mozilla
BUGZILLA-452926,5,N,N,mozilla
BUGZILLA-455558,2,N,N,mozilla
BUGZILLA-455845,4,N,N,mozilla
BUGZILLA-468617,20,N,N,mozilla
BUGZILLA-469207,3,N,N,mozilla
BUGZILLA-473553,0,N,N,mozilla
BUGZILLA-477459,12,N,N,mozilla
BUGZILLA-485998,0,N,N,mozilla
BUGZILLA-504418,0,N,N,mozilla
BUGZILLA-504944,6,N,N,mozilla
BUGZILLA-514618,305,N,N,mozilla
BUGZILLA-518293,137,N,N,mozilla
BUGZILLA-524915,1680,Y,N,mozilla
BUGZILLA-525617,9,N,N,mozilla
BUGZILLA-526190,1856,Y,N,mozilla
BUGZILLA-528789,0,N,N,mozilla
BUGZILLA-530019,137,N,N,mozilla
BUGZILLA-54901,433,Y,N,mozilla
BUGZILLA-574940,100,N,N,mozilla
BUGZILLA-57817,1344,Y,N,mozilla
BUGZILLA-58179,4178,Y,N,mozilla
BUGZILLA-65311,152,N,N,mozilla
BUGZILLA-69054,49,N,N,mozilla
BUGZILLA-70907,1630,Y,N,mozilla
BUGZILLA-77473,83,N,N,mozilla
BUGZILLA-77699,85,N,N,mozilla
BUGZILLA-97114,2,N,N,mozilla
BUGZILLA-97729,178,N,N,mozilla
BUGZILLA-97868,1635,Y,N,mozilla
BUGZILLA-99203,298,N,N,mozilla
BUGZILLA.MOZILLA.ORG-133802,859,Y,N,mozilla
BUGZILLA.MOZILLA.ORG-211952,3,N,N,mozilla
BUGZILLA.MOZILLA.ORG-218867,2,N,N,mozilla
BUGZILLA.MOZILLA.ORG-271736,4,N,N,mozilla
BUGZILLA.MOZILLA.ORG-276156,3,N,N,mozilla
BUGZILLA.MOZILLA.ORG-318635,4,N,N,mozilla
BUGZILLA.MOZILLA.ORG-324498,14,N,N,mozilla
BUGZILLA.MOZILLA.ORG-326118,39,N,N,mozilla
BUGZILLA.MOZILLA.ORG-353472,0,N,N,mozilla
BUGZILLA.MOZILLA.ORG-361794,18,N,N,mozilla
BUGZILLA.MOZILLA.ORG-369843,2,N,N,mozilla
BUGZILLA.MOZILLA.ORG-373968,2,N,N,mozilla
BUGZILLA.MOZILLA.ORG-376654,0,N,N,mozilla
BUGZILLA.MOZILLA.ORG-380213,8,N,N,mozilla
BUGZILLA.MOZILLA.ORG-419078,0,N,N,mozilla
BUGZILLA.MOZILLA.ORG-423725,0,N,N,mozilla
BUGZILLA.MOZILLA.ORG-436408,0,N,N,mozilla
BUGZILLA.MOZILLA.ORG-477980,1,N,N,mozilla
BUGZILLA.MOZILLA.ORG-515214,74,N,N,mozilla
BUGZILLA.MOZILLA.ORG-528739,1,N,N,mozilla
BUGZILLA.MOZILLA.ORG-528867,5,N,N,mozilla
BUGZILLA.MOZILLA.ORG-529066,5,N,N,mozilla
BUGZILLA.MOZILLA.ORG-534598,130,N,N,mozilla
BUGZILLA.MOZILLA.ORG-655365,0,N,N,mozilla
BUGZILLA.MOZILLA.ORG-732650,12,N,N,mozilla
CALENDAR-133129,8,N,N,mozilla
CALENDAR-148435,5,N,N,mozilla
CALENDAR-163858,1,N,N,mozilla
CALENDAR-165197,12,N,N,mozilla
CALENDAR-166615,0,N,N,mozilla
CALENDAR-167153,0,N,N,mozilla
CALENDAR-202360,1972,Y,N,mozilla
CALENDAR-202620,1342,Y,N,mozilla
CALENDAR-220075,775,Y,N,mozilla
CALENDAR-227730,12,N,N,mozilla
CALENDAR-228626,1,N,N,mozilla
CALENDAR-229314,211,N,N,mozilla
CALENDAR-229329,0,N,N,mozilla
CALENDAR-239431,780,Y,N,mozilla
CALENDAR-242534,8,N,N,mozilla
CALENDAR-247063,17,N,Y,mozilla
CALENDAR-248884,157,N,N,mozilla
CALENDAR-253420,105,N,N,mozilla
CALENDAR-256087,26,N,N,mozilla
CALENDAR-265515,603,Y,N,mozilla
CALENDAR-266919,10,N,N,mozilla
CALENDAR-269655,509,Y,N,mozilla
CALENDAR-270903,3,N,N,mozilla
CALENDAR-279165,558,Y,N,mozilla
CALENDAR-286841,89,N,N,mozilla
CALENDAR-307230,2,N,N,mozilla
CALENDAR-309734,59,N,N,mozilla
CALENDAR-317868,12,N,N,mozilla
CALENDAR-322831,234,N,N,mozilla
CALENDAR-323477,25,N,N,mozilla
CALENDAR-325459,6,N,N,mozilla
CALENDAR-325519,2084,Y,N,mozilla
CALENDAR-326335,1,N,N,mozilla
CALENDAR-329240,0,N,N,mozilla
CALENDAR-334070,29,N,N,mozilla
CALENDAR-343667,12,N,N,mozilla
CALENDAR-349996,1291,Y,N,mozilla
CALENDAR-351168,23,N,N,mozilla
CALENDAR-351566,8,N,N,mozilla
CALENDAR-355295,6,N,N,mozilla
CALENDAR-360117,18,N,N,mozilla
CALENDAR-364672,195,N,N,mozilla
CALENDAR-374121,0,N,N,mozilla
CALENDAR-390753,3726,Y,N,mozilla
CALENDAR-392028,2654,Y,N,mozilla
CALENDAR-395617,319,N,N,mozilla
CALENDAR-407279,5,N,N,mozilla
CALENDAR-412202,2763,Y,N,mozilla
CALENDAR-430280,7,N,N,mozilla
CALENDAR-461337,11,N,N,mozilla
CALENDAR-462326,28,N,N,mozilla
CALENDAR-466439,274,N,N,mozilla
CALENDAR-473194,769,Y,N,mozilla
CALENDAR-474275,2,N,N,mozilla
CALENDAR-474596,2,N,N,mozilla
CALENDAR-482116,0,N,N,mozilla
CALENDAR-488720,1,N,N,mozilla
CALENDAR-490303,297,N,N,mozilla
CALENDAR-499500,1,N,N,mozilla
CALENDAR-512436,47,N,N,mozilla
CAMINO_GRAVEYARD-151093,1583,Y,N,mozilla
CAMINO_GRAVEYARD-152129,3,N,N,mozilla
CAMINO_GRAVEYARD-155484,1125,Y,N,mozilla
CAMINO_GRAVEYARD-158180,859,Y,N,mozilla
CAMINO_GRAVEYARD-160925,11,N,N,mozilla
CAMINO_GRAVEYARD-167188,919,Y,N,mozilla
CAMINO_GRAVEYARD-179969,204,N,N,mozilla
CAMINO_GRAVEYARD-194162,317,N,N,mozilla
CAMINO_GRAVEYARD-196416,2,N,N,mozilla
CAMINO_GRAVEYARD-200040,1092,Y,N,mozilla
CAMINO_GRAVEYARD-201607,319,N,N,mozilla
CAMINO_GRAVEYARD-226287,89,N,N,mozilla
CAMINO_GRAVEYARD-232828,136,N,N,mozilla
CAMINO_GRAVEYARD-246000,85,N,N,mozilla
CAMINO_GRAVEYARD-261474,1441,Y,N,mozilla
CAMINO_GRAVEYARD-267414,309,N,Y,mozilla
CAMINO_GRAVEYARD-283100,1435,Y,Y,mozilla
CAMINO_GRAVEYARD-288124,2,N,N,mozilla
CAMINO_GRAVEYARD-297488,26,N,N,mozilla
CAMINO_GRAVEYARD-298201,17,N,N,mozilla
CAMINO_GRAVEYARD-313027,297,N,N,mozilla
CAMINO_GRAVEYARD-313740,406,Y,N,mozilla
CAMINO_GRAVEYARD-318146,393,Y,N,mozilla
CAMINO_GRAVEYARD-319922,247,N,N,mozilla
CAMINO_GRAVEYARD-327488,201,N,N,mozilla
CAMINO_GRAVEYARD-339926,20,N,N,mozilla
CAMINO_GRAVEYARD-355033,40,N,N,mozilla
CAMINO_GRAVEYARD-356166,15,N,N,mozilla
CAMINO_GRAVEYARD-357597,3,N,N,mozilla
CAMINO_GRAVEYARD-363654,180,N,N,mozilla
CAMINO_GRAVEYARD-364252,541,Y,N,mozilla
CAMINO_GRAVEYARD-385485,67,N,N,mozilla
CAMINO_GRAVEYARD-394063,493,Y,N,mozilla
CAMINO_GRAVEYARD-399731,13,N,N,mozilla
CAMINO_GRAVEYARD-405744,125,N,N,mozilla
CAMINO_GRAVEYARD-405748,675,Y,N,mozilla
CAMINO_GRAVEYARD-415510,230,N,N,mozilla
CAMINO_GRAVEYARD-432983,500,Y,Y,mozilla
CAMINO_GRAVEYARD-441017,112,N,N,mozilla
CAMINO_GRAVEYARD-453940,144,N,N,mozilla
CAMINO_GRAVEYARD-456195,27,N,N,mozilla
CAMINO_GRAVEYARD-456300,64,N,N,mozilla
CAMINO_GRAVEYARD-482182,16,N,N,mozilla
CAMINO_GRAVEYARD-488570,5,N,N,mozilla
CCK_GRAVEYARD-263128,390,Y,N,mozilla
CHAT_CORE-955296,0,N,N,mozilla
CLOUD_SERVICES-472853,0,N,N,mozilla
CLOUD_SERVICES-475572,64,N,N,mozilla
CLOUD_SERVICES-478328,46,N,N,mozilla
CLOUD_SERVICES-482898,9,N,N,mozilla
CLOUD_SERVICES-485673,0,N,N,mozilla
CLOUD_SERVICES-493001,0,N,N,mozilla
CLOUD_SERVICES-506141,0,N,N,mozilla
CLOUD_SERVICES-512222,0,N,N,mozilla
CLOUD_SERVICES-773512,6,N,N,mozilla
COMPOSER_GRAVEYARD-357389,4,N,N,mozilla
CORE_GRAVEYARD-101996,1565,Y,N,mozilla
CORE_GRAVEYARD-103705,240,N,N,mozilla
CORE_GRAVEYARD-118306,120,N,N,mozilla
CORE_GRAVEYARD-125426,1,N,N,mozilla
CORE_GRAVEYARD-131480,892,Y,N,mozilla
CORE_GRAVEYARD-141367,6,N,N,mozilla
CORE_GRAVEYARD-141715,1854,Y,Y,mozilla
CORE_GRAVEYARD-15007,256,N,N,mozilla
CORE_GRAVEYARD-164664,85,N,N,mozilla
CORE_GRAVEYARD-174150,739,Y,N,mozilla
CORE_GRAVEYARD-17416,2,N,N,mozilla
CORE_GRAVEYARD-181850,583,Y,N,mozilla
CORE_GRAVEYARD-183508,50,N,N,mozilla
CORE_GRAVEYARD-185679,0,N,N,mozilla
CORE_GRAVEYARD-188533,4,N,N,mozilla
CORE_GRAVEYARD-19304,0,N,N,mozilla
CORE_GRAVEYARD-195992,35,N,N,mozilla
CORE_GRAVEYARD-201308,14,N,N,mozilla
CORE_GRAVEYARD-212110,6,N,N,mozilla
CORE_GRAVEYARD-213881,7,N,Y,mozilla
CORE_GRAVEYARD-214173,0,N,Y,mozilla
CORE_GRAVEYARD-219521,42,N,N,mozilla
CORE_GRAVEYARD-220832,10,N,N,mozilla
CORE_GRAVEYARD-223084,9,N,N,mozilla
CORE_GRAVEYARD-225972,0,N,N,mozilla
CORE_GRAVEYARD-226406,1,N,N,mozilla
CORE_GRAVEYARD-229270,17,N,N,mozilla
CORE_GRAVEYARD-231202,3,N,N,mozilla
CORE_GRAVEYARD-238052,304,N,N,mozilla
CORE_GRAVEYARD-253998,0,N,N,mozilla
CORE_GRAVEYARD-26197,76,N,N,mozilla
CORE_GRAVEYARD-272122,9,N,N,mozilla
CORE_GRAVEYARD-273726,61,N,N,mozilla
CORE_GRAVEYARD-275106,4,N,N,mozilla
CORE_GRAVEYARD-277329,30,N,N,mozilla
CORE_GRAVEYARD-278447,166,N,N,mozilla
CORE_GRAVEYARD-279979,343,N,N,mozilla
CORE_GRAVEYARD-283366,11,N,N,mozilla
CORE_GRAVEYARD-285054,23,N,N,mozilla
CORE_GRAVEYARD-285517,4,N,N,mozilla
CORE_GRAVEYARD-291512,10,N,N,mozilla
CORE_GRAVEYARD-292150,319,N,N,mozilla
CORE_GRAVEYARD-292319,4,N,N,mozilla
CORE_GRAVEYARD-293301,6,N,N,mozilla
CORE_GRAVEYARD-293571,322,N,N,mozilla
CORE_GRAVEYARD-296350,1,N,N,mozilla
CORE_GRAVEYARD-299379,116,N,N,mozilla
CORE_GRAVEYARD-300207,274,N,N,mozilla
CORE_GRAVEYARD-307309,9,N,N,mozilla
CORE_GRAVEYARD-310962,770,Y,N,mozilla
CORE_GRAVEYARD-311980,614,Y,N,mozilla
CORE_GRAVEYARD-315150,95,N,N,mozilla
CORE_GRAVEYARD-318669,2,N,N,mozilla
CORE_GRAVEYARD-324096,55,N,N,mozilla
CORE_GRAVEYARD-328886,7,N,N,mozilla
CORE_GRAVEYARD-335076,7,N,N,mozilla
CORE_GRAVEYARD-337277,12,N,N,mozilla
CORE_GRAVEYARD-338028,65,N,N,mozilla
CORE_GRAVEYARD-338759,1,N,N,mozilla
CORE_GRAVEYARD-339309,0,N,N,mozilla
CORE_GRAVEYARD-347610,67,N,N,mozilla
CORE_GRAVEYARD-355743,4,N,N,mozilla
CORE_GRAVEYARD-358139,7,N,N,mozilla
CORE_GRAVEYARD-368583,154,N,N,mozilla
CORE_GRAVEYARD-37482,12,N,N,mozilla
CORE_GRAVEYARD-377241,3217,Y,N,mozilla
CORE_GRAVEYARD-385106,1676,Y,N,mozilla
CORE_GRAVEYARD-390075,152,N,N,mozilla
CORE_GRAVEYARD-397834,5,N,N,mozilla
CORE_GRAVEYARD-40330,29,N,N,mozilla
CORE_GRAVEYARD-426616,10,N,N,mozilla
CORE_GRAVEYARD-439722,69,N,N,mozilla
CORE_GRAVEYARD-469206,587,Y,N,mozilla
CORE_GRAVEYARD-506915,0,N,N,mozilla
CORE_GRAVEYARD-506997,5,N,N,mozilla
CORE_GRAVEYARD-77537,64,N,N,mozilla
CORE_GRAVEYARD-83320,2,N,N,mozilla
CORE_GRAVEYARD-92535,2153,Y,N,mozilla
CORE_GRAVEYARD-93820,645,Y,N,mozilla
CORE-100147,21,N,N,mozilla
CORE-100243,1885,Y,N,mozilla
CORE-100904,167,N,N,mozilla
CORE-101998,138,N,N,mozilla
CORE-10227,203,N,N,mozilla
CORE-102440,5902,Y,N,mozilla
CORE-103148,72,N,N,mozilla
CORE-103662,48,N,N,mozilla
CORE-103916,37,N,N,mozilla
CORE-104326,53,N,N,mozilla
CORE-105346,407,Y,N,mozilla
CORE-106466,23,N,N,mozilla
CORE-107103,2,N,N,mozilla
CORE-107518,926,Y,N,mozilla
CORE-109345,147,N,N,mozilla
CORE-109389,4,N,N,mozilla
CORE-11011,2241,Y,N,mozilla
CORE-110399,82,N,N,mozilla
CORE-114040,88,N,N,mozilla
CORE-116252,134,N,N,mozilla
CORE-116302,110,N,Y,mozilla
CORE-118954,787,Y,N,mozilla
CORE-119902,4,N,N,mozilla
CORE-120373,1759,Y,N,mozilla
CORE-121260,247,N,Y,mozilla
CORE-123049,352,N,N,mozilla
CORE-124103,1,N,N,mozilla
CORE-12559,1474,Y,N,mozilla
CORE-126319,13,N,N,mozilla
CORE-12665,474,Y,Y,mozilla
CORE-126903,940,Y,N,mozilla
CORE-127189,6,N,N,mozilla
CORE-128561,1959,Y,N,mozilla
CORE-129786,4,N,N,mozilla
CORE-130658,356,N,N,mozilla
CORE-131727,204,N,N,mozilla
CORE-132785,0,N,N,mozilla
CORE-13348,335,N,N,mozilla
CORE-133761,138,N,N,mozilla
CORE-134962,12,N,N,mozilla
CORE-135278,37,N,N,mozilla
CORE-136264,336,N,N,mozilla
CORE-137852,5039,Y,N,mozilla
CORE-139276,333,N,N,mozilla
CORE-14043,0,N,N,mozilla
CORE-142718,236,N,N,mozilla
CORE-142788,13,N,N,mozilla
CORE-143460,12,N,N,mozilla
CORE-14408,46,N,N,mozilla
CORE-144376,2091,Y,N,mozilla
CORE-144534,0,N,N,mozilla
CORE-145309,417,Y,Y,mozilla
CORE-14752,1,N,N,mozilla
CORE-148947,1138,Y,N,mozilla
CORE-150341,82,N,N,mozilla
CORE-151604,8,N,N,mozilla
CORE-151920,59,N,N,mozilla
CORE-152844,183,N,N,mozilla
CORE-157183,10,N,N,mozilla
CORE-157485,7,N,N,mozilla
CORE-158937,1,N,N,mozilla
CORE-159108,417,Y,N,mozilla
CORE-159167,1419,Y,N,mozilla
CORE-161250,114,N,N,mozilla
CORE-162063,2417,Y,N,mozilla
CORE-162083,108,N,N,mozilla
CORE-162507,94,N,N,mozilla
CORE-16311,2136,Y,N,mozilla
CORE-163257,504,Y,N,mozilla
CORE-163645,309,N,N,mozilla
CORE-164457,1568,Y,N,mozilla
CORE-165609,655,Y,N,mozilla
CORE-165877,93,N,N,mozilla
CORE-167355,1,N,N,mozilla
CORE-167745,27,N,N,mozilla
CORE-168658,440,Y,N,mozilla
CORE-170702,853,Y,N,mozilla
CORE-170781,92,N,N,mozilla
CORE-171949,349,N,N,mozilla
CORE-172393,457,Y,N,mozilla
CORE-173586,586,Y,N,mozilla
CORE-174189,27,N,N,mozilla
CORE-176518,0,N,N,mozilla
CORE-176985,2,N,N,mozilla
CORE-17703,99,N,N,mozilla
CORE-179810,151,N,N,mozilla
CORE-180015,795,Y,N,mozilla
CORE-180328,3287,Y,N,mozilla
CORE-180861,1086,Y,N,mozilla
CORE-181233,95,N,N,mozilla
CORE-181383,93,N,N,mozilla
CORE-181711,165,N,N,mozilla
CORE-182253,6,N,N,mozilla
CORE-184363,1345,Y,N,mozilla
CORE-185775,35,N,N,mozilla
CORE-186216,2,N,N,mozilla
CORE-186957,57,N,N,mozilla
CORE-187254,84,N,N,mozilla
CORE-187876,6,N,N,mozilla
CORE-188153,250,N,N,mozilla
CORE-189077,41,N,N,mozilla
CORE-189884,826,Y,N,mozilla
CORE-192611,52,N,N,mozilla
CORE-193316,962,Y,N,mozilla
CORE-193710,0,N,N,mozilla
CORE-194876,1,N,Y,mozilla
CORE-197114,332,N,N,mozilla
CORE-197146,33,N,N,mozilla
CORE-199108,0,N,N,mozilla
CORE-199897,44,N,N,mozilla
CORE-200382,1,N,N,mozilla
CORE-200391,17,N,Y,mozilla
CORE-201054,1,N,N,mozilla
CORE-204545,15,N,N,mozilla
CORE-204962,29,N,N,mozilla
CORE-205730,1,N,N,mozilla
CORE-206027,4,N,N,mozilla
CORE-206165,5,N,N,mozilla
CORE-206696,6,N,N,mozilla
CORE-20754,158,N,N,mozilla
CORE-209430,212,N,N,mozilla
CORE-210539,1,N,Y,mozilla
CORE-21069,118,N,N,mozilla
CORE-211173,8,N,N,mozilla
CORE-211378,7,N,N,mozilla
CORE-211470,25,N,N,mozilla
CORE-211852,18,N,N,mozilla
CORE-213517,3816,Y,N,mozilla
CORE-213692,2075,Y,N,mozilla
CORE-214050,1,N,N,mozilla
CORE-214844,13,N,Y,mozilla
CORE-214989,1,N,N,mozilla
CORE-215250,0,N,N,mozilla
CORE-217225,79,N,N,mozilla
CORE-219444,495,Y,N,mozilla
CORE-220536,42,N,N,mozilla
CORE-220968,96,N,N,mozilla
CORE-221186,0,N,N,mozilla
CORE-221189,0,N,N,mozilla
CORE-222588,4,N,N,mozilla
CORE-224087,8,N,N,mozilla
CORE-22480,3787,Y,N,mozilla
CORE-225419,807,Y,N,mozilla
CORE-22598,19,N,N,mozilla
CORE-23049,9,N,N,mozilla
CORE-230522,3,N,N,mozilla
CORE-230840,13,N,N,mozilla
CORE-231104,6,N,N,mozilla
CORE-231199,18,N,N,mozilla
CORE-231233,7,N,N,mozilla
CORE-231313,1776,Y,N,mozilla
CORE-232233,0,N,N,mozilla
CORE-233532,1348,Y,N,mozilla
CORE-233631,36,N,N,mozilla
CORE-234916,5,N,N,mozilla
CORE-236269,6,N,N,mozilla
CORE-236919,4,N,N,mozilla
CORE-237006,2267,Y,N,mozilla
CORE-237956,41,N,N,mozilla
CORE-239977,187,N,N,mozilla
CORE-240201,683,Y,N,mozilla
CORE-241187,46,N,N,mozilla
CORE-24122,0,N,N,mozilla
CORE-241942,22,N,N,mozilla
CORE-242594,31,N,N,mozilla
CORE-242888,1,N,N,mozilla
CORE-243277,762,Y,N,mozilla
CORE-243902,397,Y,N,mozilla
CORE-245571,3892,Y,N,mozilla
CORE-245742,5,N,Y,mozilla
CORE-246061,8,N,N,mozilla
CORE-246271,1,N,N,mozilla
CORE-24744,5,N,N,mozilla
CORE-248877,484,Y,Y,mozilla
CORE-249322,116,N,N,mozilla
CORE-249923,0,N,N,mozilla
CORE-252448,0,N,N,mozilla
CORE-253979,201,N,N,mozilla
CORE-255593,140,N,N,mozilla
CORE-257433,17,N,N,mozilla
CORE-257868,899,Y,Y,mozilla
CORE-260685,1,N,Y,mozilla
CORE-260980,809,Y,N,mozilla
CORE-263083,19,N,N,mozilla
CORE-264072,1,N,N,mozilla
CORE-264501,4744,Y,N,mozilla
CORE-264915,94,N,N,mozilla
CORE-265772,1,N,N,mozilla
CORE-265897,983,Y,N,mozilla
CORE-265988,24,N,N,mozilla
CORE-26644,1114,Y,N,mozilla
CORE-267005,5,N,N,mozilla
CORE-267426,653,Y,N,mozilla
CORE-267611,1158,Y,N,mozilla
CORE-26767,5189,Y,Y,mozilla
CORE-269318,20,N,N,mozilla
CORE-273056,47,N,N,mozilla
CORE-274521,580,Y,N,mozilla
CORE-275564,217,N,Y,mozilla
CORE-276002,25,N,N,mozilla
CORE-277234,1,N,N,mozilla
CORE-278200,0,N,N,mozilla
CORE-2798,11,N,N,mozilla
CORE-281922,153,N,N,mozilla
CORE-281988,111,N,N,mozilla
CORE-282807,2,N,N,mozilla
CORE-284434,21,N,N,mozilla
CORE-284889,136,N,N,mozilla
CORE-285250,9,N,N,mozilla
CORE-286372,494,Y,N,mozilla
CORE-28660,650,Y,N,mozilla
CORE-287008,149,N,N,mozilla
CORE-28817,121,N,N,mozilla
CORE-288848,3,N,N,mozilla
CORE-290036,0,N,Y,mozilla
CORE-290371,7,N,N,mozilla
CORE-290920,3,N,N,mozilla
CORE-292114,2,N,N,mozilla
CORE-29290,96,N,N,mozilla
CORE-292956,47,N,N,mozilla
CORE-293173,45,N,N,mozilla
CORE-294183,789,Y,N,mozilla
CORE-296083,37,N,N,mozilla
CORE-296528,1195,Y,N,mozilla
CORE-297607,127,N,N,mozilla
CORE-298378,5,N,N,mozilla
CORE-298967,1,N,N,mozilla
CORE-299376,93,N,Y,mozilla
CORE-299603,3699,Y,N,mozilla
CORE-300010,15,N,N,mozilla
CORE-300011,5,N,N,mozilla
CORE-300030,518,Y,N,mozilla
CORE-300663,6,N,N,mozilla
CORE-300936,10,N,N,mozilla
CORE-301631,5,N,N,mozilla
CORE-304277,5,N,N,mozilla
CORE-305017,1,N,N,mozilla
CORE-307394,1240,Y,N,mozilla
CORE-307989,95,N,N,mozilla
CORE-308292,521,Y,N,mozilla
CORE-308405,1,N,N,mozilla
CORE-308592,1,N,N,mozilla
CORE-309095,8,N,N,mozilla
CORE-309433,211,N,Y,mozilla
CORE-309531,2533,Y,N,mozilla
CORE-309672,3779,Y,N,mozilla
CORE-310124,65,N,N,mozilla
CORE-310736,2,N,N,mozilla
CORE-313078,34,N,N,mozilla
CORE-314307,642,Y,N,mozilla
CORE-314759,0,N,N,mozilla
CORE-317240,799,Y,N,mozilla
CORE-319854,49,N,N,mozilla
CORE-321101,134,N,N,mozilla
CORE-322128,3,N,N,mozilla
CORE-322185,4,N,N,mozilla
CORE-322686,988,Y,N,mozilla
CORE-323262,121,N,N,mozilla
CORE-323628,534,Y,N,mozilla
CORE-324738,1,N,N,mozilla
CORE-325292,1238,Y,N,mozilla
CORE-325386,136,N,N,mozilla
CORE-325404,1,N,N,mozilla
CORE-325479,0,N,N,mozilla
CORE-325526,64,N,N,mozilla
CORE-32559,26,N,N,mozilla
CORE-326501,46,N,N,mozilla
CORE-327874,1,N,N,mozilla
CORE-328161,105,N,N,mozilla
CORE-328834,6,N,N,mozilla
CORE-329509,4622,Y,N,mozilla
CORE-330269,0,N,N,mozilla
CORE-330302,13,N,N,mozilla
CORE-331376,2854,Y,N,mozilla
CORE-331782,11,N,N,mozilla
CORE-332175,4768,Y,N,mozilla
CORE-333351,5,N,N,mozilla
CORE-333861,6,N,N,mozilla
CORE-335225,4570,Y,N,mozilla
CORE-335733,0,N,N,mozilla
CORE-336214,437,Y,N,mozilla
CORE-336517,469,Y,N,mozilla
CORE-337424,21,N,N,mozilla
CORE-337733,94,N,N,mozilla
CORE-337770,3,N,N,mozilla
CORE-338033,2539,Y,N,mozilla
CORE-338685,14,N,N,mozilla
CORE-338865,4132,Y,N,mozilla
CORE-339918,5,N,N,mozilla
CORE-34032,42,N,N,mozilla
CORE-341300,2,N,N,mozilla
CORE-341535,0,N,N,mozilla
CORE-34170,19,N,N,mozilla
CORE-341950,485,Y,N,mozilla
CORE-342146,86,N,N,mozilla
CORE-342322,22,N,N,mozilla
CORE-34242,605,Y,Y,mozilla
CORE-343156,31,N,N,mozilla
CORE-34466,971,Y,N,mozilla
CORE-345050,10,N,N,mozilla
CORE-345080,576,Y,N,mozilla
CORE-346847,129,N,N,mozilla
CORE-346875,3,N,N,mozilla
CORE-348864,3917,Y,N,mozilla
CORE-349527,8,N,N,mozilla
CORE-349859,921,Y,Y,mozilla
CORE-350059,18,N,N,mozilla
CORE-351231,81,N,N,mozilla
CORE-351296,8,N,N,mozilla
CORE-352059,1334,Y,N,mozilla
CORE-353139,1,N,N,mozilla
CORE-353197,8,N,N,mozilla
CORE-353547,1323,Y,N,mozilla
CORE-353897,2,N,N,mozilla
CORE-354595,314,N,N,mozilla
CORE-355091,2,N,N,mozilla
CORE-355430,2724,Y,N,mozilla
CORE-356219,3,N,N,mozilla
CORE-35687,22,N,N,mozilla
CORE-357852,17,N,N,mozilla
CORE-359054,26,N,N,mozilla
CORE-360013,1,N,N,mozilla
CORE-360214,1,N,N,mozilla
CORE-360524,1,N,N,mozilla
CORE-361340,11,N,N,mozilla
CORE-361460,2005,Y,N,mozilla
CORE-361569,0,N,N,mozilla
CORE-361808,2,N,N,mozilla
CORE-363329,34,N,N,mozilla
CORE-365243,21,N,N,mozilla
CORE-366043,34,N,N,mozilla
CORE-366611,151,N,N,mozilla
CORE-367103,3,N,N,mozilla
CORE-367226,2,N,N,mozilla
CORE-367458,9,N,N,mozilla
CORE-367467,49,N,N,mozilla
CORE-36750,180,N,N,mozilla
CORE-368400,60,N,N,mozilla
CORE-368477,1187,Y,N,mozilla
CORE-368729,0,N,N,mozilla
CORE-369778,2727,Y,N,mozilla
CORE-369850,283,N,N,mozilla
CORE-370444,94,N,N,mozilla
CORE-372036,27,N,N,mozilla
CORE-372351,2612,Y,N,mozilla
CORE-373295,113,N,N,mozilla
CORE-373467,351,N,N,mozilla
CORE-373572,137,N,Y,mozilla
CORE-374021,4010,Y,N,mozilla
CORE-374251,83,N,N,mozilla
CORE-374293,68,N,N,mozilla
CORE-377433,0,N,N,mozilla
CORE-378255,5,N,N,mozilla
CORE-378540,148,N,N,mozilla
CORE-379148,50,N,N,mozilla
CORE-379190,10,N,N,mozilla
CORE-381031,21,N,N,mozilla
CORE-381130,424,Y,N,mozilla
CORE-381835,177,N,N,mozilla
CORE-381843,508,Y,N,mozilla
CORE-382247,67,N,Y,mozilla
CORE-382865,1,N,N,mozilla
CORE-383030,0,N,N,mozilla
CORE-383216,43,N,N,mozilla
CORE-383547,4,N,N,mozilla
CORE-384105,23,N,N,mozilla
CORE-384151,2,N,Y,mozilla
CORE-385904,1,N,N,mozilla
CORE-386253,1,N,N,mozilla
CORE-386885,7,N,N,mozilla
CORE-387512,38,N,N,mozilla
CORE-387584,51,N,N,mozilla
CORE-387881,84,N,N,mozilla
CORE-388569,1028,Y,N,mozilla
CORE-388709,5,N,N,mozilla
CORE-38888,7,N,N,mozilla
CORE-389224,35,N,N,mozilla
CORE-389573,9,N,N,mozilla
CORE-389873,9,N,N,mozilla
CORE-390483,920,Y,N,mozilla
CORE-391211,37,N,N,mozilla
CORE-392233,217,N,N,mozilla
CORE-392797,1,N,N,mozilla
CORE-393300,1,N,N,mozilla
CORE-393671,1,N,N,mozilla
CORE-394542,11,N,N,mozilla
CORE-395077,0,N,N,mozilla
CORE-395412,18,N,N,mozilla
CORE-396007,171,N,N,mozilla
CORE-396329,2,N,N,mozilla
CORE-396387,1,N,N,mozilla
CORE-396412,1,N,N,mozilla
CORE-396680,819,Y,N,mozilla
CORE-396843,9,N,N,mozilla
CORE-397219,48,N,N,mozilla
CORE-397373,19,N,N,mozilla
CORE-397644,1,N,N,mozilla
CORE-397803,15,N,N,mozilla
CORE-399299,69,N,N,mozilla
CORE-399407,33,N,N,mozilla
CORE-399843,31,N,N,mozilla
CORE-400208,7,N,N,mozilla
CORE-400259,22,N,N,mozilla
CORE-400918,75,N,N,mozilla
CORE-40144,240,N,N,mozilla
CORE-401775,23,N,N,mozilla
CORE-401796,14,N,N,mozilla
CORE-402742,31,N,N,mozilla
CORE-403347,20,N,N,mozilla
CORE-404632,6,N,N,mozilla
CORE-404666,12,N,N,mozilla
CORE-405260,387,Y,N,mozilla
CORE-405382,1,N,N,mozilla
CORE-406079,7,N,N,mozilla
CORE-406903,0,N,N,mozilla
CORE-409089,497,Y,N,mozilla
CORE-410509,302,N,N,mozilla
CORE-41055,1,N,N,mozilla
CORE-411379,17,N,N,mozilla
CORE-412025,1,N,N,mozilla
CORE-412897,0,N,N,mozilla
CORE-413198,3,N,N,mozilla
CORE-413286,32,N,N,mozilla
CORE-413670,3,N,N,mozilla
CORE-414076,51,N,N,mozilla
CORE-41435,240,N,N,mozilla
CORE-414550,10,N,N,mozilla
CORE-414568,14,N,N,mozilla
CORE-415273,63,N,N,mozilla
CORE-415422,5,N,N,mozilla
CORE-415491,2472,Y,N,mozilla
CORE-416622,2,N,N,mozilla
CORE-416942,399,Y,N,mozilla
CORE-417404,8,N,N,mozilla
CORE-417562,6,N,N,mozilla
CORE-417642,33,N,N,mozilla
CORE-417999,2,N,N,mozilla
CORE-418311,0,N,N,mozilla
CORE-418314,9,N,N,mozilla
CORE-418650,0,N,N,mozilla
CORE-418797,1629,Y,N,mozilla
CORE-418958,7,N,N,mozilla
CORE-419093,10,N,N,mozilla
CORE-420415,21,N,N,mozilla
CORE-420593,0,N,N,mozilla
CORE-422113,105,N,N,mozilla
CORE-42231,55,N,N,mozilla
CORE-422960,882,Y,N,mozilla
CORE-423563,1,N,N,mozilla
CORE-424161,21,N,N,mozilla
CORE-426311,5,N,N,mozilla
CORE-428415,0,N,N,mozilla
CORE-428846,1,N,N,mozilla
CORE-428903,1,N,N,mozilla
CORE-429020,10,N,N,mozilla
CORE-429123,298,N,N,mozilla
CORE-429661,4,N,N,mozilla
CORE-431620,2757,Y,N,mozilla
CORE-431724,2,N,N,mozilla
CORE-436158,5,N,N,mozilla
CORE-436635,997,Y,N,mozilla
CORE-43684,2,N,N,mozilla
CORE-436864,151,N,N,mozilla
CORE-436925,227,N,N,mozilla
CORE-439354,93,N,N,mozilla
CORE-440486,504,Y,N,mozilla
CORE-441233,11,N,N,mozilla
CORE-442715,458,Y,N,mozilla
CORE-442806,57,N,N,mozilla
CORE-443984,529,Y,N,mozilla
CORE-443985,6,N,N,mozilla
CORE-444691,3,N,N,mozilla
CORE-445262,44,N,N,mozilla
CORE-445707,4,N,N,mozilla
CORE-448744,138,N,N,mozilla
CORE-448897,680,Y,N,mozilla
CORE-448903,1,N,N,mozilla
CORE-449281,32,N,N,mozilla
CORE-449282,84,N,N,mozilla
CORE-450320,1945,Y,N,mozilla
CORE-450369,7,N,N,mozilla
CORE-451124,6,N,N,mozilla
CORE-451525,14,N,N,mozilla
CORE-451605,29,N,N,mozilla
CORE-451787,27,N,N,mozilla
CORE-451788,1165,Y,N,mozilla
CORE-452119,18,N,Y,mozilla
CORE-452518,14,N,N,mozilla
CORE-452567,7,N,N,mozilla
CORE-452570,1,N,N,mozilla
CORE-453157,163,N,N,mozilla
CORE-453747,6,N,N,mozilla
CORE-454037,4,N,N,mozilla
CORE-454530,6,N,N,mozilla
CORE-455235,2551,Y,N,mozilla
CORE-455279,7,N,N,mozilla
CORE-455311,14,N,N,mozilla
CORE-456001,2779,Y,Y,mozilla
CORE-456435,7,N,N,mozilla
CORE-458356,5,N,N,mozilla
CORE-459677,34,N,N,mozilla
CORE-459729,198,N,N,mozilla
CORE-460023,105,N,Y,mozilla
CORE-460176,346,N,N,mozilla
CORE-460399,4,N,N,mozilla
CORE-460740,1010,Y,N,mozilla
CORE-460926,79,N,N,mozilla
CORE-461031,9,N,Y,mozilla
CORE-461323,27,N,N,mozilla
CORE-462042,99,N,N,mozilla
CORE-462389,7,N,Y,mozilla
CORE-462802,81,N,N,mozilla
CORE-462851,40,N,N,mozilla
CORE-462879,6,N,N,mozilla
CORE-463295,8,N,N,mozilla
CORE-463305,325,N,N,mozilla
CORE-463804,13,N,N,mozilla
CORE-46429,51,N,N,mozilla
CORE-464788,15,N,N,mozilla
CORE-465808,66,N,N,mozilla
CORE-465923,2169,Y,N,mozilla
CORE-467123,7,N,N,mozilla
CORE-467162,8,N,N,mozilla
CORE-467177,523,Y,Y,mozilla
CORE-467417,7,N,N,mozilla
CORE-468568,1382,Y,N,mozilla
CORE-469769,128,N,N,mozilla
CORE-470914,30,N,N,mozilla
CORE-471227,68,N,N,mozilla
CORE-471716,28,N,N,mozilla
CORE-472383,16,N,N,mozilla
CORE-473906,1,N,N,mozilla
CORE-473974,0,N,N,mozilla
CORE-474160,6,N,N,mozilla
CORE-474758,1,N,N,mozilla
CORE-475343,20,N,Y,mozilla
CORE-47791,4,N,N,mozilla
CORE-477979,40,N,N,mozilla
CORE-478534,14,N,N,mozilla
CORE-478755,155,N,N,mozilla
CORE-479199,162,N,N,mozilla
CORE-480324,2,N,N,mozilla
CORE-480713,39,N,N,mozilla
CORE-48138,442,Y,N,mozilla
CORE-481753,12,N,N,mozilla
CORE-482258,0,N,N,mozilla
CORE-482797,12,N,N,mozilla
CORE-482885,31,N,N,mozilla
CORE-484861,9,N,N,mozilla
CORE-485631,13,N,N,mozilla
CORE-486052,1,N,N,mozilla
CORE-486556,7,N,N,mozilla
CORE-487245,100,N,N,mozilla
CORE-487413,2,N,N,mozilla
CORE-488629,2263,Y,N,mozilla
CORE-488777,4,N,N,mozilla
CORE-489500,78,N,N,mozilla
CORE-491127,10,N,N,mozilla
CORE-491415,0,N,N,mozilla
CORE-492217,189,N,N,mozilla
CORE-492915,356,N,N,mozilla
CORE-493266,31,N,N,mozilla
CORE-493362,0,N,N,mozilla
CORE-494805,3,N,N,mozilla
CORE-495352,55,N,N,mozilla
CORE-496682,3,N,N,mozilla
CORE-497060,13,N,N,mozilla
CORE-498166,2173,Y,N,mozilla
CORE-498843,7,N,N,mozilla
CORE-499777,2,N,N,mozilla
CORE-499921,8,N,N,mozilla
CORE-500431,286,N,N,mozilla
CORE-50051,26,N,N,mozilla
CORE-501265,1227,Y,N,mozilla
CORE-501725,5,N,N,mozilla
CORE-502270,432,Y,N,mozilla
CORE-502730,38,N,N,mozilla
CORE-503198,5,N,N,mozilla
CORE-503244,1539,Y,N,mozilla
CORE-503957,29,N,N,mozilla
CORE-504622,2694,Y,N,mozilla
CORE-504947,293,N,N,mozilla
CORE-505663,13,N,N,mozilla
CORE-505771,21,N,N,mozilla
CORE-505959,1383,Y,N,mozilla
CORE-506081,11,N,N,mozilla
CORE-507457,5,N,N,mozilla
CORE-507526,16,N,Y,mozilla
CORE-507991,93,N,N,mozilla
CORE-508487,3,N,N,mozilla
CORE-509581,1,N,N,mozilla
CORE-509696,20,N,N,mozilla
CORE-510428,0,N,N,mozilla
CORE-510553,11,N,N,mozilla
CORE-510956,14,N,Y,mozilla
CORE-511084,1995,Y,N,mozilla
CORE-511322,29,N,N,mozilla
CORE-511750,27,N,N,mozilla
CORE-514110,15,N,N,mozilla
CORE-514351,12,N,N,mozilla
CORE-514572,89,N,N,mozilla
CORE-514634,6,N,N,mozilla
CORE-514986,1,N,N,mozilla
CORE-515211,69,N,N,mozilla
CORE-515311,135,N,N,mozilla
CORE-515582,4,N,N,mozilla
CORE-515749,99,N,N,mozilla
CORE-517658,5,N,N,mozilla
CORE-518881,213,N,N,mozilla
CORE-518925,4,N,N,mozilla
CORE-519149,5,N,N,mozilla
CORE-519949,286,N,N,mozilla
CORE-520511,25,N,N,mozilla
CORE-520522,168,N,N,mozilla
CORE-520822,35,N,N,mozilla
CORE-520848,1,N,N,mozilla
CORE-521257,20,N,N,mozilla
CORE-522760,35,N,N,mozilla
CORE-523496,133,N,N,mozilla
CORE-52393,9,N,N,mozilla
CORE-52420,2487,Y,N,mozilla
CORE-524361,144,N,N,mozilla
CORE-524919,133,N,N,mozilla
CORE-525411,7,N,N,mozilla
CORE-525582,4,N,N,mozilla
CORE-526214,0,N,N,mozilla
CORE-526320,24,N,N,mozilla
CORE-526853,693,Y,N,mozilla
CORE-528442,28,N,N,mozilla
CORE-529119,2,N,N,mozilla
CORE-529709,64,N,N,mozilla
CORE-529733,644,Y,N,mozilla
CORE-530255,14,N,N,mozilla
CORE-530290,592,Y,N,mozilla
CORE-53074,175,N,N,mozilla
CORE-53142,2,N,N,mozilla
CORE-53874,7,N,N,mozilla
CORE-539552,8,N,N,mozilla
CORE-54270,17,N,N,mozilla
CORE-548193,93,N,N,mozilla
CORE-55212,483,Y,N,mozilla
CORE-555881,9,N,N,mozilla
CORE-558451,156,N,N,mozilla
CORE-56353,6,N,N,mozilla
CORE-564094,448,Y,N,mozilla
CORE-567451,54,N,N,mozilla
CORE-581499,4,N,N,mozilla
CORE-611724,25,N,N,mozilla
CORE-615753,7,N,N,mozilla
CORE-6270,1648,Y,N,mozilla
CORE-63357,97,N,N,mozilla
CORE-635442,4,N,N,mozilla
CORE-638756,19,N,N,mozilla
CORE-642721,40,N,N,mozilla
CORE-64534,3,N,N,mozilla
CORE-646495,0,N,N,mozilla
CORE-652305,0,N,N,mozilla
CORE-65784,760,Y,N,mozilla
CORE-659729,42,N,N,mozilla
CORE-663789,7,N,N,mozilla
CORE-669969,205,N,N,mozilla
CORE-670235,7,N,N,mozilla
CORE-67451,21,N,N,mozilla
CORE-685113,0,N,N,mozilla
CORE-690362,10,N,N,mozilla
CORE-69993,1,N,N,mozilla
CORE-702508,753,Y,N,mozilla
CORE-70587,200,N,N,mozilla
CORE-70704,10,N,N,mozilla
CORE-712188,18,N,N,mozilla
CORE-720353,57,N,N,mozilla
CORE-728924,1,N,N,mozilla
CORE-732669,4,N,N,mozilla
CORE-737273,67,N,N,mozilla
CORE-73945,0,N,Y,mozilla
CORE-74223,6,N,N,mozilla
CORE-74603,184,N,N,mozilla
CORE-749768,5,N,N,mozilla
CORE-75198,19,N,N,mozilla
CORE-751999,24,N,N,mozilla
CORE-757670,2,N,N,mozilla
CORE-757738,39,N,N,mozilla
CORE-75785,1092,Y,N,mozilla
CORE-761397,17,N,N,mozilla
CORE-76350,9,N,N,mozilla
CORE-766007,5,N,N,mozilla
CORE-76898,7,N,N,mozilla
CORE-774071,2,N,N,mozilla
CORE-782227,0,N,N,mozilla
CORE-785268,0,N,N,mozilla
CORE-78536,200,N,N,mozilla
CORE-78810,187,N,N,mozilla
CORE-791574,6,N,N,mozilla
CORE-801241,5,N,N,mozilla
CORE-80837,675,Y,N,mozilla
CORE-81640,3399,Y,N,mozilla
CORE-819825,5,N,N,mozilla
CORE-822804,4,N,N,mozilla
CORE-83737,18,N,N,mozilla
CORE-86030,6,N,N,mozilla
CORE-86109,33,N,N,mozilla
CORE-86282,452,Y,N,mozilla
CORE-86372,1474,Y,N,mozilla
CORE-86586,2,N,N,mozilla
CORE-87819,411,Y,N,mozilla
CORE-87965,311,N,N,mozilla
CORE-87996,132,N,Y,mozilla
CORE-88740,66,N,N,mozilla
CORE-88747,51,N,N,mozilla
CORE-89267,91,N,N,mozilla
CORE-90205,66,N,N,mozilla
CORE-90270,592,Y,Y,mozilla
CORE-905989,4,N,N,mozilla
CORE-91312,1869,Y,N,mozilla
CORE-92065,425,Y,N,mozilla
CORE-928044,409,Y,N,mozilla
CORE-92858,317,N,N,mozilla
CORE-92859,7,N,N,mozilla
CORE-936935,8,N,N,mozilla
CORE-93836,0,N,N,mozilla
CORE-93985,71,N,N,mozilla
CORE-94492,61,N,N,mozilla
CORE-94768,7,N,N,mozilla
CORE-94831,19,N,N,mozilla
CORE-948984,57,N,Y,mozilla
CORE-94943,5,N,N,mozilla
CORE-95062,129,N,N,mozilla
CORE-953044,10,N,N,mozilla
CORE-95530,4793,Y,N,mozilla
CORE-96480,1,N,N,mozilla
CORE-96485,397,Y,N,mozilla
CORE-96519,554,Y,N,mozilla
CORE-97014,1196,Y,N,mozilla
CORE-97235,64,N,Y,mozilla
CORE-972713,61,N,N,mozilla
CORE-977577,11,N,N,mozilla
CORE-9798,531,Y,N,mozilla
CORE-99522,1,N,N,mozilla
CORE-99797,12,N,N,mozilla
CORE-998546,753,Y,N,mozilla
DATA_&_BI_SERVICES_TEAM-882361,6,N,N,mozilla
DEVELOPER_DOCUMENTATION-173401,7,N,N,mozilla
DEVELOPER_DOCUMENTATION-233985,259,N,N,mozilla
DEVELOPER_DOCUMENTATION-242510,1,N,N,mozilla
DEVELOPER_DOCUMENTATION-272106,2928,Y,N,mozilla
DEVELOPER_DOCUMENTATION-401754,497,Y,N,mozilla
DEVELOPER_DOCUMENTATION-426183,2726,Y,N,mozilla
DEVELOPER_DOCUMENTATION-498313,1268,Y,N,mozilla
DEVELOPER_SERVICES-528360,977,Y,N,mozilla
DEVELOPER.MOZILLA.ORG-466710,114,N,N,mozilla
DEVELOPER.MOZILLA.ORG-676951,60,N,N,mozilla
DEVELOPER.MOZILLA.ORG-776214,25,N,N,mozilla
DEVELOPER.MOZILLA.ORG-865863,390,Y,N,mozilla
DEVELOPER.MOZILLA.ORG-897248,8,N,N,mozilla
DEVELOPER.MOZILLA.ORG-915031,0,N,N,mozilla
DEVTOOLS-734439,678,Y,N,mozilla
DEVTOOLS-938111,8,N,N,mozilla
DIRECTORY-324525,10,N,N,mozilla
DIRECTORY-360035,223,N,Y,mozilla
DIRECTORY-389741,538,Y,N,mozilla
DIRECTORY-485690,126,N,N,mozilla
DIRECTORY-5259,109,N,N,mozilla
DIRECTORY-62105,112,N,N,mozilla
DOCUMENTATION_GRAVEYARD-120592,175,N,N,mozilla
DOCUMENTATION_GRAVEYARD-147782,2674,Y,N,mozilla
EXTEND_FIREFOX_GRAVEYARD-399288,15,N,N,mozilla
FIREFOX_BUILD_SYSTEM-184182,397,Y,N,mozilla
FIREFOX_BUILD_SYSTEM-224999,135,N,N,mozilla
FIREFOX_BUILD_SYSTEM-261527,26,N,N,mozilla
FIREFOX_BUILD_SYSTEM-270814,149,N,N,mozilla
FIREFOX_BUILD_SYSTEM-288647,287,N,N,mozilla
FIREFOX_BUILD_SYSTEM-296303,20,N,N,mozilla
FIREFOX_BUILD_SYSTEM-322172,396,Y,N,mozilla
FIREFOX_BUILD_SYSTEM-325410,2,N,N,mozilla
FIREFOX_BUILD_SYSTEM-362209,1,N,N,mozilla
FIREFOX_BUILD_SYSTEM-362874,7,N,N,mozilla
FIREFOX_BUILD_SYSTEM-373362,12,N,N,mozilla
FIREFOX_BUILD_SYSTEM-387766,7,N,N,mozilla
FIREFOX_BUILD_SYSTEM-391937,7,N,N,mozilla
FIREFOX_BUILD_SYSTEM-419905,0,N,N,mozilla
FIREFOX_BUILD_SYSTEM-419916,1,N,N,mozilla
FIREFOX_BUILD_SYSTEM-422991,220,N,N,mozilla
FIREFOX_BUILD_SYSTEM-423913,76,N,Y,mozilla
FIREFOX_BUILD_SYSTEM-427119,0,N,N,mozilla
FIREFOX_BUILD_SYSTEM-430052,0,N,N,mozilla
FIREFOX_BUILD_SYSTEM-430863,4,N,N,mozilla
FIREFOX_BUILD_SYSTEM-436155,1,N,N,mozilla
FIREFOX_BUILD_SYSTEM-439651,22,N,N,mozilla
FIREFOX_BUILD_SYSTEM-453349,1,N,N,mozilla
FIREFOX_BUILD_SYSTEM-454709,12,N,N,mozilla
FIREFOX_BUILD_SYSTEM-458945,0,N,N,mozilla
FIREFOX_BUILD_SYSTEM-463075,279,N,N,mozilla
FIREFOX_BUILD_SYSTEM-466050,14,N,N,mozilla
FIREFOX_BUILD_SYSTEM-479978,31,N,N,mozilla
FIREFOX_BUILD_SYSTEM-485336,84,N,N,mozilla
FIREFOX_BUILD_SYSTEM-486076,0,N,N,mozilla
FIREFOX_BUILD_SYSTEM-486534,5,N,N,mozilla
FIREFOX_BUILD_SYSTEM-510309,7,N,N,mozilla
FIREFOX_BUILD_SYSTEM-526994,1,N,N,mozilla
FIREFOX_FOR_ANDROID_GRAVEYARD-443003,19,N,N,mozilla
FIREFOX_FOR_ANDROID_GRAVEYARD-459009,7,N,N,mozilla
FIREFOX_FOR_ANDROID_GRAVEYARD-463745,3,N,N,mozilla
FIREFOX_FOR_ANDROID_GRAVEYARD-468738,0,N,N,mozilla
FIREFOX_FOR_ANDROID_GRAVEYARD-476733,101,N,N,mozilla
FIREFOX_FOR_ANDROID_GRAVEYARD-487025,36,N,N,mozilla
FIREFOX_FOR_ANDROID_GRAVEYARD-495678,0,N,N,mozilla
FIREFOX_FOR_ANDROID_GRAVEYARD-496879,2,N,N,mozilla
FIREFOX_FOR_ANDROID_GRAVEYARD-505033,2,N,N,mozilla
FIREFOX_FOR_ANDROID-721421,1065,Y,N,mozilla
FIREFOX_FOR_ANDROID-898151,11,N,N,mozilla
FIREFOX_FOR_ANDROID-959218,18,N,N,mozilla
FIREFOX_FOR_METRO_GRAVEYARD-856458,11,N,N,mozilla
FIREFOX_FOR_METRO_GRAVEYARD-916383,6,N,N,mozilla
FIREFOX_GRAVEYARD-263762,16,N,N,mozilla
FIREFOX_GRAVEYARD-287177,0,N,N,mozilla
FIREFOX_GRAVEYARD-298553,13,N,N,mozilla
FIREFOX_GRAVEYARD-299976,40,N,N,mozilla
FIREFOX_GRAVEYARD-342508,11,N,N,mozilla
FIREFOX_GRAVEYARD-349958,1,N,N,mozilla
FIREFOX_GRAVEYARD-352971,2,N,N,mozilla
FIREFOX_GRAVEYARD-368776,1,N,N,mozilla
FIREFOX_GRAVEYARD-426223,4,N,N,mozilla
FIREFOX_GRAVEYARD-494328,429,Y,N,mozilla
FIREFOX_OS_GRAVEYARD-791268,49,N,N,mozilla
FIREFOX_OS_GRAVEYARD-802377,1,N,N,mozilla
FIREFOX_OS_GRAVEYARD-870733,0,N,N,mozilla
FIREFOX_OS_GRAVEYARD-910446,7,N,N,mozilla
FIREFOX_OS_GRAVEYARD-929919,36,N,N,mozilla
FIREFOX_OS_GRAVEYARD-930969,185,N,N,mozilla
FIREFOX_OS_GRAVEYARD-942470,13,N,N,mozilla
FIREFOX_OS_GRAVEYARD-946053,2,N,N,mozilla
FIREFOX_OS_GRAVEYARD-968156,169,N,N,mozilla
FIREFOX_OS_GRAVEYARD-968741,291,N,N,mozilla
FIREFOX_OS_GRAVEYARD-968769,4,N,N,mozilla
FIREFOX_OS_GRAVEYARD-994601,1,N,N,mozilla
FIREFOX-177506,838,Y,N,mozilla
FIREFOX-184802,416,Y,N,mozilla
FIREFOX-204895,244,N,N,mozilla
FIREFOX-207372,1257,Y,N,mozilla
FIREFOX-214266,125,N,N,mozilla
FIREFOX-214528,208,N,N,mozilla
FIREFOX-215269,1,N,N,mozilla
FIREFOX-220975,331,N,N,mozilla
FIREFOX-233461,398,Y,N,mozilla
FIREFOX-236343,273,N,N,mozilla
FIREFOX-244090,19,N,N,mozilla
FIREFOX-244218,4,N,N,mozilla
FIREFOX-245588,230,N,N,mozilla
FIREFOX-246372,152,N,N,mozilla
FIREFOX-246779,710,Y,N,mozilla
FIREFOX-248210,2,N,N,mozilla
FIREFOX-248330,852,Y,N,mozilla
FIREFOX-249735,2730,Y,N,mozilla
FIREFOX-250058,15,N,N,mozilla
FIREFOX-252273,1158,Y,N,mozilla
FIREFOX-255963,7,N,N,mozilla
FIREFOX-258318,1,N,Y,mozilla
FIREFOX-258990,4,N,N,mozilla
FIREFOX-263940,7,N,N,mozilla
FIREFOX-267140,0,N,N,mozilla
FIREFOX-269933,1126,Y,N,mozilla
FIREFOX-270709,1,N,N,mozilla
FIREFOX-278284,782,Y,N,mozilla
FIREFOX-283608,1,N,N,mozilla
FIREFOX-284655,31,N,N,mozilla
FIREFOX-291106,305,N,N,mozilla
FIREFOX-293472,31,N,N,mozilla
FIREFOX-296573,28,N,N,mozilla
FIREFOX-302667,6,N,N,mozilla
FIREFOX-304793,18,N,N,mozilla
FIREFOX-305127,1,N,N,mozilla
FIREFOX-309496,513,Y,N,mozilla
FIREFOX-310060,0,N,N,mozilla
FIREFOX-311851,1007,Y,N,mozilla
FIREFOX-312339,1,N,N,mozilla
FIREFOX-317844,249,N,N,mozilla
FIREFOX-319894,0,N,N,mozilla
FIREFOX-325161,8,N,N,mozilla
FIREFOX-327762,3,N,N,mozilla
FIREFOX-328600,1210,Y,N,mozilla
FIREFOX-329961,145,N,N,mozilla
FIREFOX-330024,17,N,N,mozilla
FIREFOX-331755,8,N,N,mozilla
FIREFOX-333488,296,N,N,mozilla
FIREFOX-339361,59,N,N,mozilla
FIREFOX-341302,0,N,N,mozilla
FIREFOX-342909,8,N,N,mozilla
FIREFOX-343104,11,N,N,mozilla
FIREFOX-343825,5,N,N,mozilla
FIREFOX-346314,1,N,N,mozilla
FIREFOX-346764,7,N,N,mozilla
FIREFOX-347415,28,N,N,mozilla
FIREFOX-348565,4,N,N,mozilla
FIREFOX-349148,6,N,N,mozilla
FIREFOX-351260,95,N,N,mozilla
FIREFOX-352238,1,N,N,mozilla
FIREFOX-352768,0,N,N,mozilla
FIREFOX-354213,24,N,N,mozilla
FIREFOX-354531,71,N,N,mozilla
FIREFOX-354894,1035,Y,N,mozilla
FIREFOX-355597,1074,Y,N,mozilla
FIREFOX-355729,125,N,N,mozilla
FIREFOX-357843,12,N,N,mozilla
FIREFOX-358179,5,N,N,mozilla
FIREFOX-359204,80,N,N,mozilla
FIREFOX-362627,0,N,N,mozilla
FIREFOX-365729,13,N,N,mozilla
FIREFOX-372044,0,N,N,mozilla
FIREFOX-376954,0,N,N,mozilla
FIREFOX-383339,350,N,N,mozilla
FIREFOX-383987,3,N,N,mozilla
FIREFOX-384503,0,N,N,mozilla
FIREFOX-387069,20,N,N,mozilla
FIREFOX-387912,60,N,N,mozilla
FIREFOX-389274,56,N,N,mozilla
FIREFOX-391534,160,N,N,mozilla
FIREFOX-395128,519,Y,N,mozilla
FIREFOX-395446,2,N,N,mozilla
FIREFOX-396702,0,N,N,mozilla
FIREFOX-396998,132,N,N,mozilla
FIREFOX-398807,2363,Y,N,mozilla
FIREFOX-399065,0,N,N,mozilla
FIREFOX-408470,290,N,N,mozilla
FIREFOX-411775,1121,Y,N,mozilla
FIREFOX-413068,11,N,N,mozilla
FIREFOX-413531,21,N,N,mozilla
FIREFOX-414549,0,N,N,mozilla
FIREFOX-419957,69,N,N,mozilla
FIREFOX-420028,72,N,N,mozilla
FIREFOX-421763,412,Y,N,mozilla
FIREFOX-422161,1,N,N,mozilla
FIREFOX-427606,442,Y,N,mozilla
FIREFOX-429447,697,Y,N,mozilla
FIREFOX-430994,466,Y,N,mozilla
FIREFOX-432112,1,N,N,mozilla
FIREFOX-432436,162,N,N,mozilla
FIREFOX-442061,4,N,N,mozilla
FIREFOX-444763,36,N,N,mozilla
FIREFOX-454562,364,N,N,mozilla
FIREFOX-456048,12,N,N,mozilla
FIREFOX-461304,1109,Y,N,mozilla
FIREFOX-473156,3,N,N,mozilla
FIREFOX-480893,15,N,N,mozilla
FIREFOX-484026,280,N,N,mozilla
FIREFOX-487558,485,Y,N,mozilla
FIREFOX-489681,198,N,N,mozilla
FIREFOX-490130,50,N,Y,mozilla
FIREFOX-493602,2,N,N,mozilla
FIREFOX-494210,2097,Y,N,mozilla
FIREFOX-494905,6,N,N,mozilla
FIREFOX-502671,4,N,N,mozilla
FIREFOX-504387,1,N,N,mozilla
FIREFOX-507073,101,N,N,mozilla
FIREFOX-517708,0,N,N,mozilla
FIREFOX-528160,6,N,N,mozilla
FIREFOX-958447,62,N,Y,mozilla
FIREFOX-993421,1,N,N,mozilla
INFRASTRUCTURE_&_OPERATIONS_GRAVEYARD-375229,0,N,N,mozilla
INFRASTRUCTURE_&_OPERATIONS_GRAVEYARD-375283,8,N,N,mozilla
INFRASTRUCTURE_&_OPERATIONS_GRAVEYARD-377531,0,N,N,mozilla
INFRASTRUCTURE_&_OPERATIONS_GRAVEYARD-386873,0,N,N,mozilla
INFRASTRUCTURE_&_OPERATIONS_GRAVEYARD-418609,0,N,N,mozilla
INFRASTRUCTURE_&_OPERATIONS_GRAVEYARD-429429,1,N,N,mozilla
INFRASTRUCTURE_&_OPERATIONS_GRAVEYARD-453652,6,N,N,mozilla
INFRASTRUCTURE_&_OPERATIONS_GRAVEYARD-467103,3,N,N,mozilla
INFRASTRUCTURE_&_OPERATIONS_GRAVEYARD-486108,0,N,N,mozilla
INFRASTRUCTURE_&_OPERATIONS_GRAVEYARD-490646,0,N,N,mozilla
INFRASTRUCTURE_&_OPERATIONS_GRAVEYARD-503616,11,N,N,mozilla
INFRASTRUCTURE_&_OPERATIONS_GRAVEYARD-510231,0,N,N,mozilla
INFRASTRUCTURE_&_OPERATIONS_GRAVEYARD-511219,0,N,N,mozilla
INFRASTRUCTURE_&_OPERATIONS_GRAVEYARD-518742,0,N,N,mozilla
INFRASTRUCTURE_&_OPERATIONS_GRAVEYARD-524011,7,N,N,mozilla
INFRASTRUCTURE_&_OPERATIONS_GRAVEYARD-529413,0,N,N,mozilla
INFRASTRUCTURE_&_OPERATIONS_GRAVEYARD-529437,0,N,N,mozilla
INFRASTRUCTURE_&_OPERATIONS_GRAVEYARD-710184,0,N,N,mozilla
INFRASTRUCTURE_&_OPERATIONS_GRAVEYARD-742710,47,N,N,mozilla
INFRASTRUCTURE_&_OPERATIONS_GRAVEYARD-769243,1,N,N,mozilla
INFRASTRUCTURE_&_OPERATIONS_GRAVEYARD-949660,0,N,N,mozilla
INFRASTRUCTURE_&_OPERATIONS-379209,3,N,N,mozilla
INFRASTRUCTURE_&_OPERATIONS-395530,2,N,N,mozilla
INFRASTRUCTURE_&_OPERATIONS-425903,0,N,N,mozilla
INFRASTRUCTURE_&_OPERATIONS-464662,0,N,N,mozilla
INFRASTRUCTURE_&_OPERATIONS-511723,0,N,N,mozilla
INFRASTRUCTURE_&_OPERATIONS-516916,0,N,N,mozilla
INFRASTRUCTURE_&_OPERATIONS-692286,20,N,N,mozilla
INFRASTRUCTURE_&_OPERATIONS-767123,278,N,N,mozilla
INFRASTRUCTURE_&_OPERATIONS-822521,823,Y,N,mozilla
INFRASTRUCTURE_&_OPERATIONS-885441,0,N,N,mozilla
INFRASTRUCTURE_&_OPERATIONS-920626,47,N,N,mozilla
INFRASTRUCTURE_&_OPERATIONS-939926,29,N,N,mozilla
INFRASTRUCTURE_&_OPERATIONS-958995,4,N,N,mozilla
INFRASTRUCTURE_&_OPERATIONS-959788,0,N,N,mozilla
INSTANTBIRD-954568,0,N,N,mozilla
JSS-122440,78,N,Y,mozilla
JSS-144934,6,N,N,mozilla
JSS-172695,94,N,N,mozilla
JSS-205066,4,N,N,mozilla
JSS-215190,1,N,N,mozilla
JSS-312774,1,N,N,mozilla
JSS-324451,9,N,N,mozilla
JSS-345130,170,N,N,mozilla
JSS-99375,0,N,N,mozilla
MAILNEWS_CORE-105459,20,N,N,mozilla
MAILNEWS_CORE-120870,48,N,N,mozilla
MAILNEWS_CORE-130442,2785,Y,N,mozilla
MAILNEWS_CORE-131013,888,Y,Y,mozilla
MAILNEWS_CORE-156998,1812,Y,N,mozilla
MAILNEWS_CORE-160027,2383,Y,N,mozilla
MAILNEWS_CORE-16800,41,N,N,mozilla
MAILNEWS_CORE-181446,1717,Y,N,mozilla
MAILNEWS_CORE-198100,2346,Y,N,mozilla
MAILNEWS_CORE-202729,779,Y,N,mozilla
MAILNEWS_CORE-209545,577,Y,N,mozilla
MAILNEWS_CORE-210694,34,N,N,mozilla
MAILNEWS_CORE-211311,36,N,N,mozilla
MAILNEWS_CORE-216612,29,N,N,mozilla
MAILNEWS_CORE-217518,190,N,N,mozilla
MAILNEWS_CORE-218885,0,N,N,mozilla
MAILNEWS_CORE-230251,1,N,N,mozilla
MAILNEWS_CORE-236941,87,N,N,mozilla
MAILNEWS_CORE-240770,1,N,N,mozilla
MAILNEWS_CORE-243605,4,N,N,mozilla
MAILNEWS_CORE-243618,54,N,N,mozilla
MAILNEWS_CORE-250768,12,N,N,mozilla
MAILNEWS_CORE-266536,1,N,N,mozilla
MAILNEWS_CORE-270415,551,Y,N,mozilla
MAILNEWS_CORE-281237,4,N,N,mozilla
MAILNEWS_CORE-284523,0,N,N,mozilla
MAILNEWS_CORE-300183,19,N,N,mozilla
MAILNEWS_CORE-309444,0,N,Y,mozilla
MAILNEWS_CORE-32216,6794,Y,N,mozilla
MAILNEWS_CORE-324467,3139,Y,Y,mozilla
MAILNEWS_CORE-327812,2478,Y,N,mozilla
MAILNEWS_CORE-340886,1105,Y,N,mozilla
MAILNEWS_CORE-350179,61,N,N,mozilla
MAILNEWS_CORE-361233,203,N,N,mozilla
MAILNEWS_CORE-365377,1872,Y,N,mozilla
MAILNEWS_CORE-384490,599,Y,N,mozilla
MAILNEWS_CORE-384979,94,N,N,mozilla
MAILNEWS_CORE-393727,4,N,N,mozilla
MAILNEWS_CORE-410176,44,N,N,mozilla
MAILNEWS_CORE-428427,101,N,N,mozilla
MAILNEWS_CORE-436793,2,N,N,mozilla
MAILNEWS_CORE-444417,83,N,N,mozilla
MAILNEWS_CORE-444813,1347,Y,N,mozilla
MAILNEWS_CORE-450149,32,N,N,mozilla
MAILNEWS_CORE-456247,15,N,N,mozilla
MAILNEWS_CORE-464921,11,N,N,mozilla
MAILNEWS_CORE-465834,3,N,N,mozilla
MAILNEWS_CORE-466507,0,N,N,mozilla
MAILNEWS_CORE-466636,0,N,N,mozilla
MAILNEWS_CORE-468108,24,N,N,mozilla
MAILNEWS_CORE-470650,93,N,N,mozilla
MAILNEWS_CORE-473594,0,N,N,mozilla
MAILNEWS_CORE-475120,6,N,N,mozilla
MAILNEWS_CORE-505221,86,N,N,mozilla
MAILNEWS_CORE-524662,1231,Y,N,mozilla
MAILNEWS_CORE-769588,94,N,N,mozilla
MAILNEWS_CORE-85296,1621,Y,N,mozilla
MAILNEWS_CORE-85613,188,N,N,mozilla
MAILNEWS_CORE-92111,3983,Y,N,mozilla
MARKETING-213415,5504,Y,N,mozilla
MARKETING-456223,768,Y,N,mozilla
MARKETING-932467,10,N,N,mozilla
MARKETPLACE_GRAVEYARD-798072,42,N,N,mozilla
MARKETPLACE_GRAVEYARD-888662,2,N,N,mozilla
MARKETPLACE_GRAVEYARD-906145,7,N,N,mozilla
MARKETPLACE_GRAVEYARD-922209,10,N,N,mozilla
MINIMO_GRAVEYARD-310971,23,N,N,mozilla
MINIMO_GRAVEYARD-319587,34,N,N,mozilla
MINIMO_GRAVEYARD-323020,92,N,N,mozilla
MOZILLA_LABS_GRAVEYARD-477737,15,N,N,mozilla
MOZILLA_LABS_GRAVEYARD-479495,10,N,N,mozilla
MOZILLA_LABS_GRAVEYARD-482827,19,N,N,mozilla
MOZILLA_LABS_GRAVEYARD-511512,105,N,N,mozilla
MOZILLA_LABS_GRAVEYARD-580822,0,N,N,mozilla
MOZILLA_LABS_GRAVEYARD-593031,37,N,N,mozilla
MOZILLA_LABS-376388,0,N,N,mozilla
MOZILLA_LABS-381016,5,N,N,mozilla
MOZILLA_LABS-382320,6,N,N,mozilla
MOZILLA_LABS-383140,4,N,N,mozilla
MOZILLA_LABS-383310,68,N,N,mozilla
MOZILLA_LABS-392899,2,N,N,mozilla
MOZILLA_LABS-419613,0,N,N,mozilla
MOZILLA_LABS-445222,3,N,N,mozilla
MOZILLA_LABS-480374,219,N,N,mozilla
MOZILLA_LABS-480997,2,N,N,mozilla
MOZILLA_LABS-495290,0,N,N,mozilla
MOZILLA_LABS-499368,23,N,Y,mozilla
MOZILLA_LOCALIZATIONS_GRAVEYARD-439349,31,N,N,mozilla
MOZILLA_LOCALIZATIONS-253584,818,Y,N,mozilla
MOZILLA_LOCALIZATIONS-255343,804,Y,N,mozilla
MOZILLA_LOCALIZATIONS-256141,798,Y,Y,mozilla
MOZILLA_LOCALIZATIONS-256427,796,Y,Y,mozilla
MOZILLA_LOCALIZATIONS-261002,868,Y,N,mozilla
MOZILLA_LOCALIZATIONS-270967,427,Y,N,mozilla
MOZILLA_LOCALIZATIONS-282078,13,N,N,mozilla
MOZILLA_LOCALIZATIONS-287634,1447,Y,N,mozilla
MOZILLA_LOCALIZATIONS-292466,2,N,N,mozilla
MOZILLA_LOCALIZATIONS-314005,1,N,Y,mozilla
MOZILLA_LOCALIZATIONS-315948,91,N,N,mozilla
MOZILLA_LOCALIZATIONS-316133,308,N,N,mozilla
MOZILLA_LOCALIZATIONS-316456,7,N,N,mozilla
MOZILLA_LOCALIZATIONS-320596,180,N,N,mozilla
MOZILLA_LOCALIZATIONS-342681,59,N,N,mozilla
MOZILLA_LOCALIZATIONS-351044,3,N,N,mozilla
MOZILLA_LOCALIZATIONS-351865,4,N,N,mozilla
MOZILLA_LOCALIZATIONS-351963,1,N,N,mozilla
MOZILLA_LOCALIZATIONS-356524,838,Y,N,mozilla
MOZILLA_LOCALIZATIONS-357590,16,N,N,mozilla
MOZILLA_LOCALIZATIONS-372935,50,N,N,mozilla
MOZILLA_LOCALIZATIONS-373548,0,N,N,mozilla
MOZILLA_LOCALIZATIONS-385186,349,N,N,mozilla
MOZILLA_LOCALIZATIONS-385323,92,N,N,mozilla
MOZILLA_LOCALIZATIONS-415556,63,N,N,mozilla
MOZILLA_LOCALIZATIONS-415648,162,N,N,mozilla
MOZILLA_LOCALIZATIONS-415682,1276,Y,N,mozilla
MOZILLA_LOCALIZATIONS-417512,111,N,N,mozilla
MOZILLA_LOCALIZATIONS-420016,771,Y,N,mozilla
MOZILLA_LOCALIZATIONS-427786,1,N,N,mozilla
MOZILLA_LOCALIZATIONS-430037,41,N,Y,mozilla
MOZILLA_LOCALIZATIONS-435952,51,N,N,mozilla
MOZILLA_LOCALIZATIONS-439405,8,N,N,mozilla
MOZILLA_LOCALIZATIONS-442480,5,N,N,mozilla
MOZILLA_LOCALIZATIONS-442899,147,N,N,mozilla
MOZILLA_LOCALIZATIONS-445150,107,N,Y,mozilla
MOZILLA_LOCALIZATIONS-449025,480,Y,N,mozilla
MOZILLA_LOCALIZATIONS-451224,0,N,N,mozilla
MOZILLA_LOCALIZATIONS-455320,77,N,N,mozilla
MOZILLA_LOCALIZATIONS-464468,107,N,N,mozilla
MOZILLA_LOCALIZATIONS-467332,7,N,N,mozilla
MOZILLA_LOCALIZATIONS-469111,22,N,N,mozilla
MOZILLA_LOCALIZATIONS-471933,167,N,N,mozilla
MOZILLA_LOCALIZATIONS-483090,7,N,N,mozilla
MOZILLA_LOCALIZATIONS-485170,6,N,N,mozilla
MOZILLA_LOCALIZATIONS-487814,3157,Y,N,mozilla
MOZILLA_LOCALIZATIONS-488521,21,N,N,mozilla
MOZILLA_LOCALIZATIONS-494773,132,N,N,mozilla
MOZILLA_LOCALIZATIONS-495231,6,N,N,mozilla
MOZILLA_LOCALIZATIONS-519220,56,N,N,mozilla
MOZILLA_LOCALIZATIONS-527131,20,N,N,mozilla
MOZILLA_LOCALIZATIONS-529588,20,N,N,mozilla
MOZILLA_MESSAGING-422817,139,N,N,mozilla
MOZILLA_MESSAGING-460459,0,N,N,mozilla
MOZILLA_MESSAGING-472862,0,N,N,mozilla
MOZILLA_MESSAGING-475795,105,N,N,mozilla
MOZILLA_MESSAGING-477942,0,N,N,mozilla
MOZILLA_MESSAGING-491252,0,N,N,mozilla
MOZILLA_MESSAGING-501680,407,Y,N,mozilla
MOZILLA_QA_GRAVEYARD-638979,11,N,N,mozilla
MOZILLA.ORG_GRAVEYARD-108085,0,N,N,mozilla
MOZILLA.ORG_GRAVEYARD-17649,75,N,N,mozilla
MOZILLA.ORG_GRAVEYARD-215203,76,N,N,mozilla
MOZILLA.ORG_GRAVEYARD-215284,75,N,N,mozilla
MOZILLA.ORG_GRAVEYARD-22375,0,N,N,mozilla
MOZILLA.ORG_GRAVEYARD-267811,0,N,N,mozilla
MOZILLA.ORG_GRAVEYARD-27137,1753,Y,N,mozilla
MOZILLA.ORG_GRAVEYARD-273060,111,N,N,mozilla
MOZILLA.ORG_GRAVEYARD-289581,7,N,N,mozilla
MOZILLA.ORG_GRAVEYARD-292897,1,N,N,mozilla
MOZILLA.ORG_GRAVEYARD-296201,1239,Y,N,mozilla
MOZILLA.ORG_GRAVEYARD-304849,2,N,N,mozilla
MOZILLA.ORG_GRAVEYARD-308927,115,N,Y,mozilla
MOZILLA.ORG_GRAVEYARD-322841,32,N,N,mozilla
MOZILLA.ORG_GRAVEYARD-356707,39,N,N,mozilla
MOZILLA.ORG_GRAVEYARD-357039,3,N,N,mozilla
MOZILLA.ORG_GRAVEYARD-359347,2,N,N,mozilla
MOZILLA.ORG_GRAVEYARD-368468,0,N,N,mozilla
MOZILLA.ORG_GRAVEYARD-372282,96,N,N,mozilla
MOZILLA.ORG_GRAVEYARD-375049,35,N,N,mozilla
MOZILLA.ORG_GRAVEYARD-378599,0,N,N,mozilla
MOZILLA.ORG_GRAVEYARD-381522,4,N,N,mozilla
MOZILLA.ORG_GRAVEYARD-383744,145,N,N,mozilla
MOZILLA.ORG_GRAVEYARD-387755,0,N,N,mozilla
MOZILLA.ORG_GRAVEYARD-399693,216,N,N,mozilla
MOZILLA.ORG_GRAVEYARD-404459,50,N,N,mozilla
MOZILLA.ORG_GRAVEYARD-404602,0,N,N,mozilla
MOZILLA.ORG_GRAVEYARD-407532,1,N,N,mozilla
MOZILLA.ORG_GRAVEYARD-409445,0,N,N,mozilla
MOZILLA.ORG_GRAVEYARD-409940,0,N,N,mozilla
MOZILLA.ORG_GRAVEYARD-420378,4,N,N,mozilla
MOZILLA.ORG_GRAVEYARD-420788,0,N,N,mozilla
MOZILLA.ORG_GRAVEYARD-425406,4,N,N,mozilla
MOZILLA.ORG_GRAVEYARD-429483,1,N,N,mozilla
MOZILLA.ORG_GRAVEYARD-431252,0,N,N,mozilla
MOZILLA.ORG_GRAVEYARD-433983,13,N,N,mozilla
MOZILLA.ORG_GRAVEYARD-435289,28,N,N,mozilla
MOZILLA.ORG_GRAVEYARD-436015,1,N,N,mozilla
MOZILLA.ORG_GRAVEYARD-439023,1165,Y,N,mozilla
MOZILLA.ORG_GRAVEYARD-443301,6,N,N,mozilla
MOZILLA.ORG_GRAVEYARD-450022,65,N,Y,mozilla
MOZILLA.ORG_GRAVEYARD-450461,0,N,N,mozilla
MOZILLA.ORG_GRAVEYARD-451645,3,N,N,mozilla
MOZILLA.ORG_GRAVEYARD-453334,1,N,N,mozilla
MOZILLA.ORG_GRAVEYARD-454653,51,N,N,mozilla
MOZILLA.ORG_GRAVEYARD-454692,7,N,N,mozilla
MOZILLA.ORG_GRAVEYARD-455887,0,N,N,mozilla
MOZILLA.ORG_GRAVEYARD-456627,7,N,N,mozilla
MOZILLA.ORG_GRAVEYARD-456710,0,N,N,mozilla
MOZILLA.ORG_GRAVEYARD-458040,2,N,N,mozilla
MOZILLA.ORG_GRAVEYARD-462981,4,N,N,mozilla
MOZILLA.ORG_GRAVEYARD-469224,0,N,N,mozilla
MOZILLA.ORG_GRAVEYARD-472424,6,N,N,mozilla
MOZILLA.ORG_GRAVEYARD-473204,0,N,N,mozilla
MOZILLA.ORG_GRAVEYARD-473210,2,N,N,mozilla
MOZILLA.ORG_GRAVEYARD-476473,2,N,N,mozilla
MOZILLA.ORG_GRAVEYARD-476534,8,N,N,mozilla
MOZILLA.ORG_GRAVEYARD-477563,2,N,N,mozilla
MOZILLA.ORG_GRAVEYARD-479245,0,N,N,mozilla
MOZILLA.ORG_GRAVEYARD-481050,0,N,N,mozilla
MOZILLA.ORG_GRAVEYARD-481710,1,N,N,mozilla
MOZILLA.ORG_GRAVEYARD-482412,1,N,N,mozilla
MOZILLA.ORG_GRAVEYARD-484806,2,N,N,mozilla
MOZILLA.ORG_GRAVEYARD-489155,3,N,N,mozilla
MOZILLA.ORG_GRAVEYARD-492291,18,N,N,mozilla
MOZILLA.ORG_GRAVEYARD-494022,60,N,N,mozilla
MOZILLA.ORG_GRAVEYARD-499496,0,N,N,mozilla
MOZILLA.ORG_GRAVEYARD-502966,1,N,N,mozilla
MOZILLA.ORG_GRAVEYARD-508491,22,N,N,mozilla
MOZILLA.ORG_GRAVEYARD-512184,44,N,N,mozilla
MOZILLA.ORG_GRAVEYARD-512597,13,N,N,mozilla
MOZILLA.ORG_GRAVEYARD-513565,0,N,N,mozilla
MOZILLA.ORG_GRAVEYARD-513797,44,N,N,mozilla
MOZILLA.ORG_GRAVEYARD-521160,119,N,N,mozilla
MOZILLA.ORG_GRAVEYARD-521921,0,N,N,mozilla
MOZILLA.ORG_GRAVEYARD-522112,9,N,N,mozilla
MOZILLA.ORG_GRAVEYARD-523379,1,N,N,mozilla
MOZILLA.ORG_GRAVEYARD-524773,8,N,N,mozilla
MOZILLA.ORG_GRAVEYARD-609047,0,N,N,mozilla
MOZILLA.ORG_GRAVEYARD-75991,9,N,N,mozilla
MOZILLA.ORG_GRAVEYARD-820408,0,N,N,mozilla
MOZILLA.ORG_GRAVEYARD-860733,0,N,N,mozilla
MOZILLA.ORG_GRAVEYARD-869113,2,N,Y,mozilla
MOZILLA.ORG_GRAVEYARD-929054,0,N,N,mozilla
MOZILLA.ORG-171091,104,N,N,mozilla
MOZILLA.ORG-208528,123,N,N,mozilla
MOZILLA.ORG-219936,135,N,N,mozilla
MOZILLA.ORG-255961,1,N,N,mozilla
MOZILLA.ORG-262627,2,N,N,mozilla
MOZILLA.ORG-263732,92,N,N,mozilla
MOZILLA.ORG-271684,53,N,N,mozilla
MOZILLA.ORG-298411,377,Y,N,mozilla
MOZILLA.ORG-302393,13,N,N,mozilla
MOZILLA.ORG-304354,0,N,Y,mozilla
MOZILLA.ORG-320009,0,N,N,mozilla
MOZILLA.ORG-332018,2,N,N,mozilla
MOZILLA.ORG-339152,28,N,N,mozilla
MOZILLA.ORG-339252,6,N,N,mozilla
MOZILLA.ORG-341581,1,N,N,mozilla
MOZILLA.ORG-346391,24,N,N,mozilla
MOZILLA.ORG-354239,0,N,N,mozilla
MOZILLA.ORG-356724,89,N,N,mozilla
MOZILLA.ORG-367112,3,N,N,mozilla
MOZILLA.ORG-369781,1,N,N,mozilla
MOZILLA.ORG-370678,19,N,N,mozilla
MOZILLA.ORG-374042,5,N,N,mozilla
MOZILLA.ORG-384482,5,N,N,mozilla
MOZILLA.ORG-385842,0,N,N,mozilla
MOZILLA.ORG-386736,21,N,N,mozilla
MOZILLA.ORG-390375,37,N,N,mozilla
MOZILLA.ORG-396216,13,N,N,mozilla
MOZILLA.ORG-399798,0,N,N,mozilla
MOZILLA.ORG-407871,279,N,N,mozilla
MOZILLA.ORG-415108,0,N,N,mozilla
MOZILLA.ORG-418195,1,N,N,mozilla
MOZILLA.ORG-425816,0,N,N,mozilla
MOZILLA.ORG-429838,0,N,N,mozilla
MOZILLA.ORG-439279,4,N,N,mozilla
MOZILLA.ORG-440848,0,N,N,mozilla
MOZILLA.ORG-453118,41,N,N,mozilla
MOZILLA.ORG-453612,2141,Y,N,mozilla
MOZILLA.ORG-468120,41,N,N,mozilla
MOZILLA.ORG-474476,7,N,N,mozilla
MOZILLA.ORG-476462,1,N,N,mozilla
MOZILLA.ORG-485616,61,N,N,mozilla
MOZILLA.ORG-488408,7,N,N,mozilla
MOZILLA.ORG-493727,30,N,N,mozilla
MOZILLA.ORG-494949,3,N,N,mozilla
MOZILLA.ORG-521259,20,N,N,mozilla
MOZILLA.ORG-565658,5,N,N,mozilla
MOZILLA.ORG-683691,32,N,N,mozilla
MOZILLA.ORG-71137,107,N,N,mozilla
MOZILLA.ORG-77580,274,N,N,mozilla
MOZILLA.ORG-78004,14,N,N,mozilla
MOZILLA.ORG-91397,170,N,N,mozilla
MOZILLA.ORG-96722,0,N,N,mozilla
NSPR-144886,29,N,N,mozilla
NSPR-17374,56,N,N,mozilla
NSPR-184517,4,N,N,mozilla
NSPR-191948,22,N,N,mozilla
NSPR-210138,733,Y,N,mozilla
NSPR-23694,2,N,Y,mozilla
NSPR-274751,20,N,N,mozilla
NSPR-277704,3,N,N,mozilla
NSPR-293438,10,N,Y,mozilla
NSPR-326168,31,N,N,mozilla
NSPR-351470,7,N,N,mozilla
NSPR-480730,19,N,N,mozilla
NSPR-506502,31,N,N,mozilla
NSPR-51743,102,N,N,mozilla
NSPR-63273,0,N,N,mozilla
NSPR-72965,23,N,N,mozilla
NSPR-96199,128,N,N,mozilla
NSS-106379,3,N,N,mozilla
NSS-111293,51,N,N,mozilla
NSS-128370,71,N,N,mozilla
NSS-164035,0,N,N,mozilla
NSS-164124,1,N,N,mozilla
NSS-164126,15,N,Y,mozilla
NSS-180894,3,N,Y,mozilla
NSS-182086,1,N,N,mozilla
NSS-183146,11,N,N,mozilla
NSS-183350,0,N,N,mozilla
NSS-184557,158,N,N,mozilla
NSS-202058,3,N,N,mozilla
NSS-230761,2,N,N,mozilla
NSS-231018,12,N,N,mozilla
NSS-231566,1,N,N,mozilla
NSS-233586,46,N,N,mozilla
NSS-247739,4,N,N,mozilla
NSS-268502,10,N,N,mozilla
NSS-283765,6,N,N,mozilla
NSS-287495,20,N,N,mozilla
NSS-289819,0,N,N,mozilla
NSS-290345,818,Y,N,mozilla
NSS-297734,72,N,N,mozilla
NSS-312395,181,N,N,mozilla
NSS-336937,6,N,N,mozilla
NSS-347450,11,N,Y,mozilla
NSS-351767,239,N,N,mozilla
NSS-352439,3,N,N,mozilla
NSS-353909,38,N,N,mozilla
NSS-356215,6,N,N,mozilla
NSS-367288,47,N,N,mozilla
NSS-369357,858,Y,Y,mozilla
NSS-378489,43,N,N,mozilla
NSS-387621,13,N,N,mozilla
NSS-391183,49,N,N,mozilla
NSS-394419,651,Y,Y,mozilla
NSS-39489,125,N,N,mozilla
NSS-395224,13,N,N,mozilla
NSS-397122,3,N,N,mozilla
NSS-409236,729,Y,Y,mozilla
NSS-416928,1,N,N,mozilla
NSS-419763,1,N,N,mozilla
NSS-433437,1,N,N,mozilla
NSS-439123,5,N,N,mozilla
NSS-464246,9,N,N,mozilla
NSS-477028,316,N,Y,mozilla
NSS-488396,16,N,N,mozilla
NSS-495365,1,N,N,mozilla
NSS-499712,70,N,N,mozilla
NSS-509440,21,N,N,mozilla
NSS-53133,1238,Y,N,mozilla
NSS-63233,1,N,N,mozilla
NSS-63328,23,N,N,mozilla
NSS-661672,59,N,N,mozilla
NSS-66229,1,N,N,mozilla
NSS-69582,10,N,N,mozilla
NSS-70713,11,N,N,mozilla
NSS-72013,36,N,N,mozilla
NSS-84251,16,N,N,mozilla
NSS-87929,2,N,N,mozilla
NSS-88941,1,N,N,mozilla
OTHER_APPLICATIONS_GRAVEYARD-121505,35,N,N,mozilla
OTHER_APPLICATIONS_GRAVEYARD-162394,266,N,N,mozilla
OTHER_APPLICATIONS_GRAVEYARD-203114,0,N,N,mozilla
OTHER_APPLICATIONS_GRAVEYARD-361161,3,N,N,mozilla
OTHER_APPLICATIONS_GRAVEYARD-391445,6,N,N,mozilla
OTHER_APPLICATIONS_GRAVEYARD-391639,1,N,N,mozilla
OTHER_APPLICATIONS_GRAVEYARD-393440,173,N,N,mozilla
OTHER_APPLICATIONS_GRAVEYARD-432987,0,N,N,mozilla
OTHER_APPLICATIONS_GRAVEYARD-436886,1,N,N,mozilla
OTHER_APPLICATIONS-104114,54,N,N,mozilla
OTHER_APPLICATIONS-105881,43,N,N,mozilla
OTHER_APPLICATIONS-107703,7,N,N,mozilla
OTHER_APPLICATIONS-109481,1592,Y,N,mozilla
OTHER_APPLICATIONS-113361,77,N,N,mozilla
OTHER_APPLICATIONS-123664,697,Y,N,mozilla
OTHER_APPLICATIONS-128663,48,N,N,mozilla
OTHER_APPLICATIONS-135937,103,N,N,mozilla
OTHER_APPLICATIONS-147174,3463,Y,N,mozilla
OTHER_APPLICATIONS-178452,140,N,N,mozilla
OTHER_APPLICATIONS-184228,195,N,Y,mozilla
OTHER_APPLICATIONS-190728,38,N,N,mozilla
OTHER_APPLICATIONS-201504,130,N,N,mozilla
OTHER_APPLICATIONS-230833,9,N,N,mozilla
OTHER_APPLICATIONS-231211,407,Y,N,mozilla
OTHER_APPLICATIONS-270023,638,Y,N,mozilla
OTHER_APPLICATIONS-270771,5,N,Y,mozilla
OTHER_APPLICATIONS-272882,284,N,N,mozilla
OTHER_APPLICATIONS-294192,19,N,N,mozilla
OTHER_APPLICATIONS-307255,94,N,N,mozilla
OTHER_APPLICATIONS-313201,4,N,N,mozilla
OTHER_APPLICATIONS-315455,12,N,N,mozilla
OTHER_APPLICATIONS-315913,758,Y,N,mozilla
OTHER_APPLICATIONS-325457,31,N,N,mozilla
OTHER_APPLICATIONS-359592,33,N,N,mozilla
OTHER_APPLICATIONS-363323,36,N,N,mozilla
OTHER_APPLICATIONS-377614,10,N,N,mozilla
OTHER_APPLICATIONS-378696,76,N,N,mozilla
OTHER_APPLICATIONS-431358,8,N,N,mozilla
OTHER_APPLICATIONS-446428,89,N,N,mozilla
OTHER_APPLICATIONS-80993,22,N,N,mozilla
PENELOPE_GRAVEYARD-359422,70,N,N,mozilla
PENELOPE_GRAVEYARD-368372,651,Y,N,mozilla
PENELOPE_GRAVEYARD-463864,79,N,N,mozilla
PLUGINS_GRAVEYARD-360313,457,Y,N,mozilla
PLUGINS_GRAVEYARD-448102,1368,Y,N,mozilla
PLUGINS_GRAVEYARD-450663,376,Y,N,mozilla
RELEASE_ENGINEERING-327010,126,N,N,mozilla
RELEASE_ENGINEERING-369656,20,N,N,mozilla
RELEASE_ENGINEERING-378529,77,N,N,mozilla
RELEASE_ENGINEERING-380132,82,N,N,mozilla
RELEASE_ENGINEERING-383907,0,N,N,mozilla
RELEASE_ENGINEERING-385915,413,Y,N,mozilla
RELEASE_ENGINEERING-388586,56,N,N,mozilla
RELEASE_ENGINEERING-389172,0,N,N,mozilla
RELEASE_ENGINEERING-389706,20,N,N,mozilla
RELEASE_ENGINEERING-395094,0,N,N,mozilla
RELEASE_ENGINEERING-396986,4,N,N,mozilla
RELEASE_ENGINEERING-402541,0,N,N,mozilla
RELEASE_ENGINEERING-416983,0,N,N,mozilla
RELEASE_ENGINEERING-422206,352,N,N,mozilla
RELEASE_ENGINEERING-422438,2,N,N,mozilla
RELEASE_ENGINEERING-423850,2,N,Y,mozilla
RELEASE_ENGINEERING-427166,130,N,N,mozilla
RELEASE_ENGINEERING-427690,2,N,N,mozilla
RELEASE_ENGINEERING-433315,94,N,N,mozilla
RELEASE_ENGINEERING-443062,0,N,N,mozilla
RELEASE_ENGINEERING-453135,9,N,N,mozilla
RELEASE_ENGINEERING-459214,1,N,N,mozilla
RELEASE_ENGINEERING-460843,1,N,N,mozilla
RELEASE_ENGINEERING-461020,8,N,N,mozilla
RELEASE_ENGINEERING-463284,14,N,N,mozilla
RELEASE_ENGINEERING-464079,18,N,N,mozilla
RELEASE_ENGINEERING-471754,0,N,N,mozilla
RELEASE_ENGINEERING-479261,1,N,N,mozilla
RELEASE_ENGINEERING-480048,37,N,N,mozilla
RELEASE_ENGINEERING-480081,174,N,N,mozilla
RELEASE_ENGINEERING-480125,0,N,N,mozilla
RELEASE_ENGINEERING-483996,0,N,N,mozilla
RELEASE_ENGINEERING-484413,10,N,N,mozilla
RELEASE_ENGINEERING-489507,1,N,N,mozilla
RELEASE_ENGINEERING-490236,9,N,N,mozilla
RELEASE_ENGINEERING-492221,8,N,N,mozilla
RELEASE_ENGINEERING-493740,51,N,N,mozilla
RELEASE_ENGINEERING-495533,17,N,N,mozilla
RELEASE_ENGINEERING-502704,2,N,N,mozilla
RELEASE_ENGINEERING-505215,1,N,N,mozilla
RELEASE_ENGINEERING-516496,7,N,N,mozilla
RELEASE_ENGINEERING-519732,62,N,N,mozilla
RELEASE_ENGINEERING-524047,32,N,Y,mozilla
RELEASE_ENGINEERING-526392,2,N,N,mozilla
RELEASE_ENGINEERING-629263,800,Y,N,mozilla
RELEASE_ENGINEERING-637428,8,N,N,mozilla
RELEASE_ENGINEERING-647328,10,N,N,mozilla
RELEASE_ENGINEERING-668617,0,N,N,mozilla
RELEASE_ENGINEERING-746004,1169,Y,N,mozilla
RHINO_GRAVEYARD-254778,0,N,N,mozilla
RHINO_GRAVEYARD-263935,847,Y,N,mozilla
RHINO_GRAVEYARD-282447,0,N,N,mozilla
RHINO_GRAVEYARD-321938,153,N,N,mozilla
RHINO_GRAVEYARD-352346,146,N,N,mozilla
RHINO_GRAVEYARD-464898,21,N,N,mozilla
RHINO_GRAVEYARD-58118,1251,Y,N,mozilla
SEAMONKEY-105994,596,Y,N,mozilla
SEAMONKEY-107287,905,Y,N,mozilla
SEAMONKEY-108542,1158,Y,N,mozilla
SEAMONKEY-108911,0,N,N,mozilla
SEAMONKEY-110918,3,N,N,mozilla
SEAMONKEY-11309,5,N,N,mozilla
SEAMONKEY-114105,146,N,N,mozilla
SEAMONKEY-119000,85,N,N,mozilla
SEAMONKEY-122149,317,N,N,mozilla
SEAMONKEY-124242,49,N,N,mozilla
SEAMONKEY-124346,0,N,N,mozilla
SEAMONKEY-125823,398,Y,N,mozilla
SEAMONKEY-12591,760,Y,N,mozilla
SEAMONKEY-128446,333,N,N,mozilla
SEAMONKEY-129893,33,N,N,mozilla
SEAMONKEY-130306,19,N,N,mozilla
SEAMONKEY-131372,10,N,N,mozilla
SEAMONKEY-133015,24,N,N,mozilla
SEAMONKEY-13663,66,N,N,mozilla
SEAMONKEY-136686,160,N,N,mozilla
SEAMONKEY-136687,1416,Y,N,mozilla
SEAMONKEY-137057,52,N,N,mozilla
SEAMONKEY-142042,81,N,N,mozilla
SEAMONKEY-142334,164,N,N,mozilla
SEAMONKEY-145048,186,N,N,mozilla
SEAMONKEY-151520,45,N,N,mozilla
SEAMONKEY-151770,35,N,N,mozilla
SEAMONKEY-158820,7,N,N,mozilla
SEAMONKEY-159771,29,N,N,mozilla
SEAMONKEY-161113,3,N,N,mozilla
SEAMONKEY-162308,2,N,Y,mozilla
SEAMONKEY-166600,1,N,N,mozilla
SEAMONKEY-171933,0,N,N,mozilla
SEAMONKEY-172751,59,N,N,mozilla
SEAMONKEY-175092,19,N,N,mozilla
SEAMONKEY-176499,431,Y,N,mozilla
SEAMONKEY-177608,348,N,N,mozilla
SEAMONKEY-181883,22,N,Y,mozilla
SEAMONKEY-183052,8,N,Y,mozilla
SEAMONKEY-183887,13,N,N,mozilla
SEAMONKEY-184467,9,N,N,mozilla
SEAMONKEY-188739,181,N,N,mozilla
SEAMONKEY-188943,17,N,N,mozilla
SEAMONKEY-189370,20,N,N,mozilla
SEAMONKEY-18957,409,Y,N,mozilla
SEAMONKEY-190884,2,N,N,mozilla
SEAMONKEY-192835,222,N,N,mozilla
SEAMONKEY-194677,73,N,N,mozilla
SEAMONKEY-194692,21,N,N,mozilla
SEAMONKEY-201549,0,N,N,mozilla
SEAMONKEY-202510,1,N,N,mozilla
SEAMONKEY-202984,0,N,N,mozilla
SEAMONKEY-205711,1,N,N,mozilla
SEAMONKEY-207607,945,Y,N,mozilla
SEAMONKEY-208903,50,N,N,mozilla
SEAMONKEY-209437,10,N,N,mozilla
SEAMONKEY-213897,5,N,N,mozilla
SEAMONKEY-215977,6,N,N,mozilla
SEAMONKEY-219064,431,Y,N,mozilla
SEAMONKEY-219948,10,N,Y,mozilla
SEAMONKEY-223539,6,N,N,mozilla
SEAMONKEY-225854,52,N,N,mozilla
SEAMONKEY-22800,8,N,Y,mozilla
SEAMONKEY-230468,26,N,N,mozilla
SEAMONKEY-230649,5,N,N,mozilla
SEAMONKEY-235447,292,N,N,mozilla
SEAMONKEY-235762,215,N,N,mozilla
SEAMONKEY-236010,0,N,N,mozilla
SEAMONKEY-241009,355,N,N,mozilla
SEAMONKEY-24552,1,N,N,mozilla
SEAMONKEY-24617,4,N,N,mozilla
SEAMONKEY-248958,265,N,N,mozilla
SEAMONKEY-24921,8,N,N,mozilla
SEAMONKEY-251757,8,N,N,mozilla
SEAMONKEY-254564,408,Y,Y,mozilla
SEAMONKEY-254992,245,N,Y,mozilla
SEAMONKEY-255253,7,N,Y,mozilla
SEAMONKEY-25555,68,N,N,mozilla
SEAMONKEY-265683,5,N,N,mozilla
SEAMONKEY-280456,3,N,Y,mozilla
SEAMONKEY-281645,15,N,N,mozilla
SEAMONKEY-282336,14,N,N,mozilla
SEAMONKEY-290905,8,N,N,mozilla
SEAMONKEY-310485,0,N,N,mozilla
SEAMONKEY-312489,4,N,N,mozilla
SEAMONKEY-317419,1041,Y,N,mozilla
SEAMONKEY-321578,3,N,N,mozilla
SEAMONKEY-322110,0,N,N,mozilla
SEAMONKEY-328317,44,N,N,mozilla
SEAMONKEY-337920,390,Y,N,mozilla
SEAMONKEY-347110,16,N,N,mozilla
SEAMONKEY-351235,1401,Y,N,mozilla
SEAMONKEY-3533,1,N,N,mozilla
SEAMONKEY-387686,1,N,N,mozilla
SEAMONKEY-38966,5801,Y,N,mozilla
SEAMONKEY-389838,44,N,N,mozilla
SEAMONKEY-3901,2422,Y,N,mozilla
SEAMONKEY-396105,105,N,N,mozilla
SEAMONKEY-4004,11,N,N,mozilla
SEAMONKEY-402765,1,N,N,mozilla
SEAMONKEY-405104,31,N,N,mozilla
SEAMONKEY-406492,42,N,N,mozilla
SEAMONKEY-408358,0,N,N,mozilla
SEAMONKEY-41123,170,N,Y,mozilla
SEAMONKEY-421081,1,N,N,mozilla
SEAMONKEY-431684,1,N,N,mozilla
SEAMONKEY-459564,856,Y,N,mozilla
SEAMONKEY-460756,4,N,N,mozilla
SEAMONKEY-461667,8,N,N,mozilla
SEAMONKEY-463917,3,N,N,mozilla
SEAMONKEY-464674,4,N,N,mozilla
SEAMONKEY-469385,1,N,N,mozilla
SEAMONKEY-470544,30,N,Y,mozilla
SEAMONKEY-472716,1,N,N,mozilla
SEAMONKEY-475511,510,Y,N,mozilla
SEAMONKEY-478768,1,N,N,mozilla
SEAMONKEY-483960,3,N,N,mozilla
SEAMONKEY-490277,171,N,N,mozilla
SEAMONKEY-501772,21,N,N,mozilla
SEAMONKEY-513490,6,N,N,mozilla
SEAMONKEY-514630,1,N,N,mozilla
SEAMONKEY-515228,56,N,N,mozilla
SEAMONKEY-517238,5,N,N,mozilla
SEAMONKEY-521756,478,Y,N,mozilla
SEAMONKEY-522023,3301,Y,N,mozilla
SEAMONKEY-54615,2572,Y,N,mozilla
SEAMONKEY-56150,99,N,N,mozilla
SEAMONKEY-580663,18,N,N,mozilla
SEAMONKEY-605586,12,N,N,mozilla
SEAMONKEY-64462,621,Y,N,mozilla
SEAMONKEY-78006,33,N,Y,mozilla
SEAMONKEY-808196,0,N,N,mozilla
SEAMONKEY-82963,33,N,N,mozilla
SEAMONKEY-83001,954,Y,N,mozilla
SEAMONKEY-89576,896,Y,N,mozilla
SEAMONKEY-90966,872,Y,N,mozilla
SEAMONKEY-93073,0,N,N,mozilla
SEAMONKEY-93195,77,N,N,mozilla
SEAMONKEY-95468,395,Y,N,mozilla
SEAMONKEY-96176,96,N,N,mozilla
SEAMONKEY-98237,45,N,N,mozilla
SEAMONKEY-98593,293,N,N,mozilla
SERVO_GRAVEYARD-566410,10,N,N,mozilla
SKYWRITER_GRAVEYARD-474156,0,N,N,mozilla
SKYWRITER_GRAVEYARD-477081,1,N,N,mozilla
SKYWRITER_GRAVEYARD-511178,245,N,N,mozilla
SKYWRITER_GRAVEYARD-554283,0,N,N,mozilla
SKYWRITER_GRAVEYARD-570883,1,N,N,mozilla
SOCORRO-419565,37,N,N,mozilla
SOCORRO-422584,19,N,N,mozilla
SOCORRO-423658,13,N,N,mozilla
SOCORRO-444150,3,N,N,mozilla
SOCORRO-465676,1,N,N,mozilla
SOCORRO-470527,279,N,N,mozilla
SOCORRO-484691,200,N,N,mozilla
SOCORRO-487635,32,N,N,mozilla
SOCORRO-490162,65,N,N,mozilla
SOCORRO-525785,75,N,N,mozilla
SOCORRO-525963,8,N,N,mozilla
SOCORRO-865791,102,N,N,mozilla
SOCORRO-934960,2,N,N,mozilla
SUPPORT.MOZILLA.ORG_GRAVEYARD-495740,25,N,N,mozilla
SUPPORT.MOZILLA.ORG-413666,1005,Y,N,mozilla
SUPPORT.MOZILLA.ORG-415243,25,N,N,mozilla
SUPPORT.MOZILLA.ORG-428998,47,N,N,mozilla
SUPPORT.MOZILLA.ORG-438696,1,N,N,mozilla
SUPPORT.MOZILLA.ORG-528740,888,Y,N,mozilla
SUPPORT.MOZILLA.ORG-741798,124,N,N,mozilla
SUPPORT.MOZILLA.ORG-773017,259,N,N,mozilla
SUPPORT.MOZILLA.ORG-964520,35,N,N,mozilla
SUPPORT.MOZILLAMESSAGING.COM_GRAVEYARD-530133,56,N,N,mozilla
TAMARIN_GRAVEYARD-403072,173,N,N,mozilla
TAMARIN_GRAVEYARD-409216,1037,Y,N,mozilla
TAMARIN_GRAVEYARD-412464,0,N,N,mozilla
TAMARIN_GRAVEYARD-412619,35,N,N,mozilla
TAMARIN_GRAVEYARD-413498,0,N,N,mozilla
TAMARIN_GRAVEYARD-416454,3,N,N,mozilla
TAMARIN_GRAVEYARD-418177,4,N,N,mozilla
TAMARIN_GRAVEYARD-418883,64,N,N,mozilla
TAMARIN_GRAVEYARD-444852,321,N,N,mozilla
TAMARIN_GRAVEYARD-463224,1039,Y,N,mozilla
TAMARIN_GRAVEYARD-510225,228,N,N,mozilla
TECH_EVANGELISM_GRAVEYARD-100824,225,N,N,mozilla
TECH_EVANGELISM_GRAVEYARD-105250,400,Y,N,mozilla
TECH_EVANGELISM_GRAVEYARD-107107,874,Y,N,mozilla
TECH_EVANGELISM_GRAVEYARD-107681,1562,Y,Y,mozilla
TECH_EVANGELISM_GRAVEYARD-113817,2629,Y,N,mozilla
TECH_EVANGELISM_GRAVEYARD-114841,191,N,N,mozilla
TECH_EVANGELISM_GRAVEYARD-121711,611,Y,Y,mozilla
TECH_EVANGELISM_GRAVEYARD-127813,587,Y,N,mozilla
TECH_EVANGELISM_GRAVEYARD-135209,291,N,N,mozilla
TECH_EVANGELISM_GRAVEYARD-139439,679,Y,Y,mozilla
TECH_EVANGELISM_GRAVEYARD-140490,805,Y,Y,mozilla
TECH_EVANGELISM_GRAVEYARD-145190,280,N,N,mozilla
TECH_EVANGELISM_GRAVEYARD-149575,671,Y,N,mozilla
TECH_EVANGELISM_GRAVEYARD-150034,443,Y,N,mozilla
TECH_EVANGELISM_GRAVEYARD-153201,2991,Y,N,mozilla
TECH_EVANGELISM_GRAVEYARD-157938,7,N,N,mozilla
TECH_EVANGELISM_GRAVEYARD-159487,738,Y,N,mozilla
TECH_EVANGELISM_GRAVEYARD-159670,1622,Y,N,mozilla
TECH_EVANGELISM_GRAVEYARD-166186,264,N,N,mozilla
TECH_EVANGELISM_GRAVEYARD-167070,285,N,N,mozilla
TECH_EVANGELISM_GRAVEYARD-169202,3553,Y,N,mozilla
TECH_EVANGELISM_GRAVEYARD-170153,215,N,N,mozilla
TECH_EVANGELISM_GRAVEYARD-173649,2333,Y,N,mozilla
TECH_EVANGELISM_GRAVEYARD-183538,191,N,Y,mozilla
TECH_EVANGELISM_GRAVEYARD-192942,25,N,N,mozilla
TECH_EVANGELISM_GRAVEYARD-196053,2179,Y,Y,mozilla
TECH_EVANGELISM_GRAVEYARD-199656,2156,Y,N,mozilla
TECH_EVANGELISM_GRAVEYARD-201641,40,N,Y,mozilla
TECH_EVANGELISM_GRAVEYARD-202810,1403,Y,N,mozilla
TECH_EVANGELISM_GRAVEYARD-206731,2097,Y,N,mozilla
TECH_EVANGELISM_GRAVEYARD-207698,313,N,N,mozilla
TECH_EVANGELISM_GRAVEYARD-208667,2085,Y,N,mozilla
TECH_EVANGELISM_GRAVEYARD-210833,2598,Y,N,mozilla
TECH_EVANGELISM_GRAVEYARD-210906,2,N,N,mozilla
TECH_EVANGELISM_GRAVEYARD-220702,0,N,N,mozilla
TECH_EVANGELISM_GRAVEYARD-223703,297,N,N,mozilla
TECH_EVANGELISM_GRAVEYARD-233719,1440,Y,N,mozilla
TECH_EVANGELISM_GRAVEYARD-234372,0,N,N,mozilla
TECH_EVANGELISM_GRAVEYARD-241043,1768,Y,Y,mozilla
TECH_EVANGELISM_GRAVEYARD-241488,1764,Y,N,mozilla
TECH_EVANGELISM_GRAVEYARD-243887,1740,Y,N,mozilla
TECH_EVANGELISM_GRAVEYARD-249928,272,N,N,mozilla
TECH_EVANGELISM_GRAVEYARD-284913,1457,Y,N,mozilla
TECH_EVANGELISM_GRAVEYARD-294201,226,N,N,mozilla
TECH_EVANGELISM_GRAVEYARD-296709,1090,Y,N,mozilla
TECH_EVANGELISM_GRAVEYARD-318281,5,N,N,mozilla
TECH_EVANGELISM_GRAVEYARD-319375,907,Y,N,mozilla
TECH_EVANGELISM_GRAVEYARD-346038,95,N,N,mozilla
TECH_EVANGELISM_GRAVEYARD-348593,657,Y,N,mozilla
TECH_EVANGELISM_GRAVEYARD-402205,1,N,N,mozilla
TECH_EVANGELISM_GRAVEYARD-407316,2186,Y,N,mozilla
TECH_EVANGELISM_GRAVEYARD-483572,168,N,N,mozilla
TECH_EVANGELISM_GRAVEYARD-67147,864,Y,N,mozilla
TECH_EVANGELISM_GRAVEYARD-79194,244,N,N,mozilla
TECH_EVANGELISM_GRAVEYARD-83957,1365,Y,N,mozilla
TECH_EVANGELISM_GRAVEYARD-85202,2807,Y,N,mozilla
TECH_EVANGELISM_GRAVEYARD-88908,2792,Y,N,mozilla
TECH_EVANGELISM_GRAVEYARD-91411,2781,Y,N,mozilla
TECH_EVANGELISM_GRAVEYARD-94876,785,Y,N,mozilla
TECH_EVANGELISM_GRAVEYARD-98015,649,Y,N,mozilla
TESTING_GRAVEYARD-386992,85,N,N,mozilla
TESTING_GRAVEYARD-396132,211,N,N,mozilla
TESTING_GRAVEYARD-413742,28,N,N,mozilla
TESTING_GRAVEYARD-416049,27,N,N,mozilla
TESTING_GRAVEYARD-466947,0,N,N,mozilla
TESTING_GRAVEYARD-479538,0,N,N,mozilla
TESTING_GRAVEYARD-507300,194,N,N,mozilla
TESTING_GRAVEYARD-775057,1,N,N,mozilla
TESTING_GRAVEYARD-822875,24,N,N,mozilla
TESTING-371026,15,N,N,mozilla
TESTING-382256,0,N,N,mozilla
TESTING-419339,0,N,N,mozilla
TESTING-452327,1787,Y,N,mozilla
TESTING-476302,27,N,N,mozilla
TESTING-483407,131,N,N,mozilla
TESTING-508457,0,N,N,mozilla
TESTING-520649,25,N,N,mozilla
TESTING-529137,58,N,N,mozilla
TESTING-689518,0,N,N,mozilla
TESTING-708023,135,N,N,mozilla
TESTING-981775,58,N,N,mozilla
TESTOPIA-357292,117,N,N,mozilla
TESTOPIA-367545,39,N,N,mozilla
TESTOPIA-402134,403,Y,N,mozilla
TESTOPIA-406919,196,N,N,mozilla
TESTOPIA-426464,2,N,N,mozilla
TESTOPIA-434088,53,N,N,mozilla
TESTOPIA-487709,166,N,N,mozilla
THUNDERBIRD-209792,37,N,N,mozilla
THUNDERBIRD-227288,10,N,N,mozilla
THUNDERBIRD-229096,0,N,N,mozilla
THUNDERBIRD-229112,0,N,N,mozilla
THUNDERBIRD-232343,0,N,N,mozilla
THUNDERBIRD-234811,1,N,N,mozilla
THUNDERBIRD-236156,0,N,N,mozilla
THUNDERBIRD-239106,2,N,N,mozilla
THUNDERBIRD-241389,2,N,N,mozilla
THUNDERBIRD-244247,1,N,N,mozilla
THUNDERBIRD-252247,855,Y,N,mozilla
THUNDERBIRD-253673,0,N,N,mozilla
THUNDERBIRD-254462,130,N,N,mozilla
THUNDERBIRD-261512,946,Y,N,mozilla
THUNDERBIRD-264544,349,N,N,mozilla
THUNDERBIRD-281939,0,N,N,mozilla
THUNDERBIRD-285606,0,N,N,mozilla
THUNDERBIRD-285831,3,N,N,mozilla
THUNDERBIRD-286317,1,N,N,mozilla
THUNDERBIRD-291346,1,N,N,mozilla
THUNDERBIRD-297254,131,N,Y,mozilla
THUNDERBIRD-307999,3,N,N,mozilla
THUNDERBIRD-310146,644,Y,N,mozilla
THUNDERBIRD-312016,945,Y,N,mozilla
THUNDERBIRD-313341,2,N,N,mozilla
THUNDERBIRD-315091,433,Y,N,mozilla
THUNDERBIRD-317404,60,N,N,mozilla
THUNDERBIRD-333510,37,N,N,mozilla
THUNDERBIRD-344872,52,N,N,mozilla
THUNDERBIRD-352406,0,N,N,mozilla
THUNDERBIRD-353347,1101,Y,N,mozilla
THUNDERBIRD-361150,13,N,N,mozilla
THUNDERBIRD-363113,27,N,N,mozilla
THUNDERBIRD-368239,0,N,N,mozilla
THUNDERBIRD-372316,0,N,N,mozilla
THUNDERBIRD-375553,0,N,N,mozilla
THUNDERBIRD-378192,2,N,N,mozilla
THUNDERBIRD-382823,14,N,N,mozilla
THUNDERBIRD-392670,5,N,N,mozilla
THUNDERBIRD-393666,18,N,N,mozilla
THUNDERBIRD-396874,426,Y,Y,mozilla
THUNDERBIRD-431439,1798,Y,N,mozilla
THUNDERBIRD-431746,8,N,N,mozilla
THUNDERBIRD-432026,16,N,N,mozilla
THUNDERBIRD-439380,2,N,N,mozilla
THUNDERBIRD-442730,448,Y,N,mozilla
THUNDERBIRD-443358,216,N,N,mozilla
THUNDERBIRD-450803,20,N,N,mozilla
THUNDERBIRD-451599,44,N,N,mozilla
THUNDERBIRD-455915,1,N,N,mozilla
THUNDERBIRD-459474,1614,Y,N,mozilla
THUNDERBIRD-463523,0,N,N,mozilla
THUNDERBIRD-465426,220,N,N,mozilla
THUNDERBIRD-466311,612,Y,N,mozilla
THUNDERBIRD-470112,1,N,N,mozilla
THUNDERBIRD-474701,155,N,N,mozilla
THUNDERBIRD-475852,105,N,N,mozilla
THUNDERBIRD-476836,6,N,N,mozilla
THUNDERBIRD-490141,73,N,N,mozilla
THUNDERBIRD-490784,24,N,N,mozilla
THUNDERBIRD-492438,86,N,N,mozilla
THUNDERBIRD-493719,139,N,N,mozilla
THUNDERBIRD-498735,28,N,N,mozilla
THUNDERBIRD-503624,14,N,Y,mozilla
THUNDERBIRD-505309,46,N,N,mozilla
THUNDERBIRD-505974,27,N,N,mozilla
THUNDERBIRD-516586,116,N,N,mozilla
THUNDERBIRD-519951,1,N,N,mozilla
THUNDERBIRD-522096,6,N,N,mozilla
THUNDERBIRD-534695,130,N,N,mozilla
THUNDERBIRD-713008,19,N,N,mozilla
TOOLKIT_GRAVEYARD-291771,4,N,N,mozilla
TOOLKIT_GRAVEYARD-329882,1193,Y,N,mozilla
TOOLKIT_GRAVEYARD-331166,3,N,N,mozilla
TOOLKIT_GRAVEYARD-334528,134,N,N,mozilla
TOOLKIT_GRAVEYARD-335319,4,N,N,mozilla
TOOLKIT_GRAVEYARD-364231,16,N,N,mozilla
TOOLKIT_GRAVEYARD-481584,19,N,N,mozilla
TOOLKIT_GRAVEYARD-504437,25,N,N,mozilla
TOOLKIT-143344,3210,Y,N,mozilla
TOOLKIT-215467,116,N,N,mozilla
TOOLKIT-217018,1462,Y,N,mozilla
TOOLKIT-222829,123,N,N,mozilla
TOOLKIT-224406,4276,Y,Y,mozilla
TOOLKIT-228988,193,N,N,mozilla
TOOLKIT-232587,113,N,N,mozilla
TOOLKIT-243324,462,Y,Y,mozilla
TOOLKIT-244653,5,N,N,mozilla
TOOLKIT-246429,8,N,N,mozilla
TOOLKIT-250292,2,N,Y,mozilla
TOOLKIT-250889,1,N,N,mozilla
TOOLKIT-254339,50,N,N,mozilla
TOOLKIT-257218,5,N,N,mozilla
TOOLKIT-258737,0,N,N,mozilla
TOOLKIT-274281,16,N,N,mozilla
TOOLKIT-279227,67,N,N,mozilla
TOOLKIT-289631,1982,Y,N,mozilla
TOOLKIT-289914,0,N,N,mozilla
TOOLKIT-291033,8,N,N,mozilla
TOOLKIT-294208,27,N,N,mozilla
TOOLKIT-295680,33,N,N,mozilla
TOOLKIT-297147,49,N,N,mozilla
TOOLKIT-302164,35,N,N,mozilla
TOOLKIT-303541,0,N,N,mozilla
TOOLKIT-303743,7,N,N,mozilla
TOOLKIT-305067,1,N,N,mozilla
TOOLKIT-307358,285,N,N,mozilla
TOOLKIT-310372,2,N,N,mozilla
TOOLKIT-311595,3,N,N,mozilla
TOOLKIT-321057,7,N,N,mozilla
TOOLKIT-324311,42,N,N,mozilla
TOOLKIT-333211,20,N,N,mozilla
TOOLKIT-345353,6,N,N,mozilla
TOOLKIT-347140,1,N,N,mozilla
TOOLKIT-348861,0,N,N,mozilla
TOOLKIT-350495,1,N,N,mozilla
TOOLKIT-354226,126,N,N,mozilla
TOOLKIT-371731,0,N,N,mozilla
TOOLKIT-375621,3,N,N,mozilla
TOOLKIT-383619,5,N,N,mozilla
TOOLKIT-384837,1,N,N,mozilla
TOOLKIT-385591,4,N,N,mozilla
TOOLKIT-388507,11,N,N,mozilla
TOOLKIT-393650,10,N,N,mozilla
TOOLKIT-407453,28,N,N,mozilla
TOOLKIT-412719,7,N,N,mozilla
TOOLKIT-414050,10,N,N,mozilla
TOOLKIT-414449,1,N,N,mozilla
TOOLKIT-421396,21,N,N,mozilla
TOOLKIT-421412,2,N,N,mozilla
TOOLKIT-421841,1,N,N,mozilla
TOOLKIT-428518,4,N,N,mozilla
TOOLKIT-430852,47,N,N,mozilla
TOOLKIT-444347,2,N,N,mozilla
TOOLKIT-448652,92,N,N,mozilla
TOOLKIT-453442,48,N,N,mozilla
TOOLKIT-456489,2,N,N,mozilla
TOOLKIT-460934,1,N,N,mozilla
TOOLKIT-462433,353,N,N,mozilla
TOOLKIT-462434,0,N,N,mozilla
TOOLKIT-468305,102,N,N,mozilla
TOOLKIT-468705,66,N,N,mozilla
TOOLKIT-469211,39,N,N,mozilla
TOOLKIT-472935,16,N,N,mozilla
TOOLKIT-474718,812,Y,N,mozilla
TOOLKIT-479095,117,N,N,mozilla
TOOLKIT-503360,25,N,Y,mozilla
TOOLKIT-518440,2,N,N,mozilla
TOOLKIT-521166,420,Y,N,mozilla
TOOLKIT-521918,3426,Y,N,mozilla
TOOLKIT-522210,0,N,N,mozilla
TOOLKIT-676419,5,N,N,mozilla
TOOLKIT-779057,9,N,N,mozilla
TOOLKIT-985655,55,N,N,mozilla
TREE_MANAGEMENT_GRAVEYARD-529323,401,Y,N,mozilla
TREE_MANAGEMENT_GRAVEYARD-991173,22,N,N,mozilla
WEB_COMPATIBILITY-213915,4056,Y,N,mozilla
WEBMAKER_GRAVEYARD-970833,0,N,N,mozilla
WEBSITES_GRAVEYARD-408832,69,N,N,mozilla
WEBSITES_GRAVEYARD-431507,35,N,N,mozilla
WEBSITES_GRAVEYARD-438387,2,N,N,mozilla
WEBSITES_GRAVEYARD-443033,13,N,N,mozilla
WEBSITES_GRAVEYARD-446575,31,N,N,mozilla
WEBSITES_GRAVEYARD-474396,178,N,N,mozilla
WEBSITES_GRAVEYARD-500120,103,N,N,mozilla
WEBSITES_GRAVEYARD-501330,0,N,N,mozilla
WEBSITES_GRAVEYARD-504549,0,N,N,mozilla
WEBSITES_GRAVEYARD-507142,14,N,N,mozilla
WEBSITES_GRAVEYARD-546955,22,N,N,mozilla
WEBSITES_GRAVEYARD-984547,1,N,N,mozilla
WEBSITES-304379,739,Y,N,mozilla
WEBSITES-339190,2,N,N,mozilla
WEBSITES-352493,798,Y,N,mozilla
WEBSITES-384388,1,N,N,mozilla
WEBSITES-401151,0,N,N,mozilla
WEBSITES-432074,45,N,N,mozilla
WEBSITES-457894,7,N,N,mozilla
WEBSITES-467902,9,N,Y,mozilla
WEBSITES-497402,4,N,N,mozilla
WEBSITES-506496,0,N,N,mozilla
WEBSITES-509222,3,N,N,mozilla
WEBSITES-514653,0,N,N,mozilla
WEBSITES-522161,182,N,N,mozilla
WEBSITES-530185,22,N,N,mozilla
WEBSITES-873114,45,N,N,mozilla
WEBTOOLS_GRAVEYARD-142643,1,N,N,mozilla
WEBTOOLS_GRAVEYARD-142829,108,N,N,mozilla
WEBTOOLS_GRAVEYARD-143578,463,Y,N,mozilla
WEBTOOLS_GRAVEYARD-166172,821,Y,N,mozilla
WEBTOOLS_GRAVEYARD-204463,501,Y,N,mozilla
WEBTOOLS_GRAVEYARD-218897,26,N,N,mozilla
WEBTOOLS_GRAVEYARD-310920,58,N,N,mozilla
WEBTOOLS_GRAVEYARD-325903,548,Y,Y,mozilla
WEBTOOLS_GRAVEYARD-328215,471,Y,N,mozilla
WEBTOOLS_GRAVEYARD-342178,0,N,N,mozilla
WEBTOOLS_GRAVEYARD-349725,273,N,N,mozilla
WEBTOOLS_GRAVEYARD-356754,509,Y,N,mozilla
WEBTOOLS_GRAVEYARD-358817,169,N,N,mozilla
WEBTOOLS_GRAVEYARD-359451,129,N,N,mozilla
WEBTOOLS_GRAVEYARD-360726,1,N,N,mozilla
WEBTOOLS_GRAVEYARD-373156,0,N,N,mozilla
WEBTOOLS_GRAVEYARD-37566,0,N,N,mozilla
WEBTOOLS_GRAVEYARD-383649,0,N,N,mozilla
WEBTOOLS_GRAVEYARD-387475,36,N,N,mozilla
WEBTOOLS_GRAVEYARD-393098,55,N,N,mozilla
WEBTOOLS_GRAVEYARD-407806,8,N,N,mozilla
WEBTOOLS_GRAVEYARD-428060,0,N,N,mozilla
WEBTOOLS_GRAVEYARD-440808,80,N,N,mozilla
WEBTOOLS_GRAVEYARD-474724,475,Y,N,mozilla
WEBTOOLS_GRAVEYARD-475207,0,N,N,mozilla
WEBTOOLS_GRAVEYARD-489774,20,N,N,mozilla
WEBTOOLS_GRAVEYARD-503584,13,N,N,mozilla
WEBTOOLS_GRAVEYARD-508364,222,N,N,mozilla
WEBTOOLS_GRAVEYARD-508594,37,N,N,mozilla
WEBTOOLS_GRAVEYARD-509963,57,N,N,mozilla
WEBTOOLS_GRAVEYARD-526301,1,N,N,mozilla
WEBTOOLS_GRAVEYARD-54608,582,Y,N,mozilla
WEBTOOLS-370431,0,N,N,mozilla
WEBTOOLS-991990,4,N,N,mozilla
WWW.MOZILLA.ORG_GRAVEYARD-453599,142,N,N,mozilla
WWW.MOZILLA.ORG_GRAVEYARD-506743,1,N,N,mozilla
WWW.MOZILLA.ORG_GRAVEYARD-513629,1,N,N,mozilla
WWW.MOZILLA.ORG_GRAVEYARD-523589,5,N,N,mozilla
WWW.MOZILLA.ORG_GRAVEYARD-523615,87,N,N,mozilla
WWW.MOZILLA.ORG_GRAVEYARD-526100,32,N,N,mozilla
WWW.MOZILLA.ORG-155976,6,N,N,mozilla
WWW.MOZILLA.ORG-160571,352,N,N,mozilla
WWW.MOZILLA.ORG-162497,204,N,N,mozilla
WWW.MOZILLA.ORG-183186,221,N,N,mozilla
WWW.MOZILLA.ORG-187342,698,Y,N,mozilla
WWW.MOZILLA.ORG-190586,167,N,N,mozilla
WWW.MOZILLA.ORG-225189,30,N,N,mozilla
WWW.MOZILLA.ORG-244073,3462,Y,N,mozilla
WWW.MOZILLA.ORG-245114,8,N,N,mozilla
WWW.MOZILLA.ORG-261582,8,N,N,mozilla
WWW.MOZILLA.ORG-268065,0,N,N,mozilla
WWW.MOZILLA.ORG-268554,30,N,N,mozilla
WWW.MOZILLA.ORG-271655,1253,Y,N,mozilla
WWW.MOZILLA.ORG-280035,3,N,N,mozilla
WWW.MOZILLA.ORG-289428,1,N,N,mozilla
WWW.MOZILLA.ORG-294036,0,N,N,mozilla
WWW.MOZILLA.ORG-304477,121,N,N,mozilla
WWW.MOZILLA.ORG-314681,1080,Y,N,mozilla
WWW.MOZILLA.ORG-318221,9,N,N,mozilla
WWW.MOZILLA.ORG-322577,9,N,N,mozilla
WWW.MOZILLA.ORG-350394,98,N,N,mozilla
WWW.MOZILLA.ORG-352812,0,N,N,mozilla
WWW.MOZILLA.ORG-363336,1,N,N,mozilla
WWW.MOZILLA.ORG-363538,1,N,N,mozilla
WWW.MOZILLA.ORG-364332,129,N,N,mozilla
WWW.MOZILLA.ORG-387856,265,N,N,mozilla
WWW.MOZILLA.ORG-390146,0,N,N,mozilla
WWW.MOZILLA.ORG-391103,0,N,N,mozilla
WWW.MOZILLA.ORG-391216,3,N,N,mozilla
WWW.MOZILLA.ORG-391433,875,Y,N,mozilla
WWW.MOZILLA.ORG-393319,1,N,N,mozilla
WWW.MOZILLA.ORG-393617,3,N,N,mozilla
WWW.MOZILLA.ORG-408353,14,N,N,mozilla
WWW.MOZILLA.ORG-410269,1198,Y,N,mozilla
WWW.MOZILLA.ORG-412372,329,N,N,mozilla
WWW.MOZILLA.ORG-432923,473,Y,N,mozilla
WWW.MOZILLA.ORG-439792,1028,Y,N,mozilla
WWW.MOZILLA.ORG-444615,1949,Y,N,mozilla
WWW.MOZILLA.ORG-460423,208,N,N,mozilla
WWW.MOZILLA.ORG-463035,1,N,N,mozilla
WWW.MOZILLA.ORG-470324,20,N,N,mozilla
WWW.MOZILLA.ORG-472944,45,N,N,mozilla
WWW.MOZILLA.ORG-494049,26,N,N,mozilla
WWW.MOZILLA.ORG-494205,39,N,N,mozilla
WWW.MOZILLA.ORG-514929,54,N,N,mozilla
WWW.MOZILLA.ORG-516155,2,N,N,mozilla
WWW.MOZILLA.ORG-520126,1,N,N,mozilla
WWW.MOZILLA.ORG-522489,8,N,N,mozilla
WWW.MOZILLA.ORG-527041,4,N,N,mozilla
WWW.MOZILLA.ORG-528980,2,N,N,mozilla
WWW.MOZILLA.ORG-529019,12,N,N,mozilla
WWW.MOZILLA.ORG-529030,62,N,N,mozilla
WWW.MOZILLA.ORG-529207,28,N,N,mozilla
WWW.MOZILLA.ORG-579061,4,N,N,mozilla
WWW.MOZILLA.ORG-714551,518,Y,N,mozilla
WWW.MOZILLA.ORG-918810,544,Y,N,mozilla
